distance_km,weight_kg,volume_cbm,cargo_type,transport_mode,season,price
3214.86,16658.71,60.71,FRAGILE,SEA,4,8748.21
8083.54,15385.9,71.8,FRAGILE,ROAD,4,41967.68
6235.35,917.98,22.92,STANDARD,SEA,2,10492.76
5108.66,10985.81,56.43,STANDARD,SEA,1,9624.13
1368.36,12228.24,51.67,STANDARD,ROAD,1,4446.98
1368.15,12822.45,75.04,STANDARD,AIR,1,12511.19
540.81,18607.5,81.59,HAZARDOUS,RAIL,1,2476.96
7369.19,17121.92,1.59,STANDARD,ROAD,2,26041.15
5129.42,19492.17,60.82,FRAGILE,SEA,2,11427.18
6033.21,24499.78,5.14,PERISHABLE,ROAD,2,29643.92
223.94,26034.25,49.62,STANDARD,SEA,2,500.0
8245.74,23008.13,26.24,STANDARD,SEA,1,15551.09
7084.14,30581.21,27.96,STANDARD,AIR,4,94091.15
1844.27,681.62,32.09,FRAGILE,RAIL,3,5720.28
1586.42,6345.32,56.11,FRAGILE,RAIL,2,4637.34
1599.77,341.26,30.4,STANDARD,SEA,4,3038.14
2620.85,20754.44,66.08,FRAGILE,ROAD,2,11587.42
4484.19,28747.17,36.71,PERISHABLE,RAIL,1,17759.94
3699.94,7867.09,6.62,STANDARD,RAIL,1,8406.08
2510.89,29672.4,70.65,STANDARD,ROAD,4,11743.02
5220.16,2022.53,26.08,PERISHABLE,RAIL,4,19126.13
1228.72,29908.51,39.23,FRAGILE,SEA,4,3625.01
2518.62,11316.76,61.85,PERISHABLE,SEA,1,6149.15
3145.76,3335.32,30.25,FRAGILE,ROAD,1,12016.16
3903.79,15599.31,5.56,HAZARDOUS,ROAD,3,20122.2
6684.74,8291.17,33.97,STANDARD,ROAD,4,23288.56
1737.24,9187.45,85.03,HAZARDOUS,SEA,3,5547.4
4395.28,9902.55,57.94,PERISHABLE,ROAD,2,20878.27
5055.9,25716.53,60.6,FRAGILE,SEA,3,13742.33
442.51,17299.24,57.09,STANDARD,ROAD,2,1624.97
5183.75,10030.72,18.31,STANDARD,SEA,2,8340.93
1490.93,19569.65,37.94,STANDARD,RAIL,3,4338.15
599.69,22945.21,67.71,STANDARD,SEA,4,1268.45
8068.08,8796.71,9.57,STANDARD,ROAD,2,25261.02
8209.59,13292.22,25.37,FRAGILE,SEA,4,19219.56
6880.96,3988.17,25.23,FRAGILE,ROAD,1,24641.18
2623.99,5878.66,39.17,STANDARD,SEA,2,4566.02
875.33,21827.66,88.24,FRAGILE,SEA,1,1992.84
5831.77,5887.88,6.54,STANDARD,ROAD,3,16559.5
3769.29,16852.71,46.92,STANDARD,SEA,4,7651.01
1081.22,22718.58,16.55,STANDARD,SEA,3,2191.81
4234.24,3509.37,87.38,FRAGILE,ROAD,2,20335.63
340.58,18197.26,10.64,STANDARD,RAIL,1,844.77
7733.76,8284.35,36.62,STANDARD,ROAD,2,23908.9
2236.69,30817.37,66.54,STANDARD,SEA,3,5015.89
5648.31,15525.11,63.56,HAZARDOUS,SEA,4,18069.83
2683.96,25811.16,38.33,STANDARD,ROAD,4,11626.77
4444.57,17652.23,31.51,FRAGILE,RAIL,2,15043.22
4669.7,1484.86,36.09,FRAGILE,SEA,2,9823.31
1612.02,20297.53,24.15,HAZARDOUS,AIR,1,22296.62
8242.99,30449.77,18.88,PERISHABLE,RAIL,3,34562.27
6599.87,19291.42,43.73,STANDARD,AIR,2,58871.2
7988.77,26232.12,24.53,STANDARD,RAIL,1,23173.62
7611.29,28306.19,26.23,PERISHABLE,RAIL,2,31424.11
5102.25,7375.74,59.28,STANDARD,SEA,4,11100.5
7839.84,6864.23,87.18,FRAGILE,RAIL,1,30679.1
797.76,19590.29,54.53,FRAGILE,RAIL,1,2612.59
1706.06,13211.81,7.39,FRAGILE,RAIL,2,5486.07
432.17,26891.58,7.26,PERISHABLE,SEA,3,1194.38
2799.04,28810.74,85.65,PERISHABLE,SEA,4,9176.91
3334.32,11374.14,27.11,HAZARDOUS,RAIL,3,12308.98
2342.9,7656.17,8.74,STANDARD,ROAD,1,7217.63
7052.83,24998.76,54.11,PERISHABLE,RAIL,3,29763.47
3064.57,8866.31,56.32,STANDARD,SEA,1,5615.74
2423.9,26341.4,58.54,STANDARD,ROAD,3,9781.48
4635.78,13617.25,24.43,PERISHABLE,SEA,2,11052.83
1240.81,21394.84,1.85,STANDARD,RAIL,3,3555.31
6828.56,3147.58,86.87,STANDARD,ROAD,1,25443.86
679.95,20001.11,22.95,STANDARD,ROAD,4,2982.56
8389.19,14511.39,61.0,PERISHABLE,ROAD,4,44472.7
6575.47,18812.81,63.74,FRAGILE,AIR,4,88729.17
1729.15,5459.65,55.1,FRAGILE,ROAD,1,7746.8
96.66,23606.27,28.51,STANDARD,ROAD,3,500.0
6940.65,27623.23,24.76,HAZARDOUS,RAIL,4,32997.55
6022.94,7014.0,53.99,HAZARDOUS,ROAD,4,35301.11
6210.11,3153.29,78.02,STANDARD,ROAD,4,25037.74
6567.23,854.07,85.23,STANDARD,ROAD,2,25381.64
675.68,20578.89,9.98,STANDARD,RAIL,1,1860.22
3079.04,19466.3,14.36,PERISHABLE,SEA,1,7436.18
1029.09,17539.65,85.05,FRAGILE,RAIL,1,3549.49
7343.22,7499.11,66.42,PERISHABLE,RAIL,1,28718.62
5316.87,12569.9,79.53,STANDARD,AIR,1,46492.16
2846.09,19063.8,18.64,HAZARDOUS,RAIL,2,11766.16
587.07,15946.86,53.09,HAZARDOUS,ROAD,3,3076.14
2677.8,31610.36,63.25,FRAGILE,ROAD,2,12951.99
2797.8,4452.43,61.37,PERISHABLE,RAIL,4,11623.75
6215.17,22275.11,37.03,STANDARD,SEA,2,11857.34
5437.36,12997.77,1.88,STANDARD,ROAD,1,16742.81
7546.95,13759.57,52.67,FRAGILE,SEA,2,17762.71
4040.22,22991.37,23.15,HAZARDOUS,ROAD,1,21290.39
1060.57,22188.71,40.8,FRAGILE,RAIL,2,3362.6
6076.92,31721.07,86.2,STANDARD,SEA,1,13648.78
6478.63,4195.78,36.21,FRAGILE,ROAD,4,28531.48
4792.79,3421.1,75.66,STANDARD,SEA,1,9300.21
6564.67,23206.41,17.37,STANDARD,ROAD,2,22462.15
4222.57,18550.54,60.69,FRAGILE,SEA,4,11787.14
4467.09,8845.73,87.94,HAZARDOUS,ROAD,2,24659.34
3662.72,2633.48,9.62,STANDARD,SEA,4,6234.68
264.79,2832.5,1.24,STANDARD,ROAD,3,799.2
961.68,28624.69,39.31,STANDARD,SEA,3,2109.57
315.58,6220.57,8.79,STANDARD,RAIL,3,740.99
5427.67,10415.55,67.48,HAZARDOUS,SEA,2,14107.28
2706.31,7330.34,82.35,PERISHABLE,ROAD,2,13481.86
4347.42,11424.38,39.34,STANDARD,AIR,4,42572.34
7718.94,2314.62,23.65,HAZARDOUS,ROAD,4,37631.57
2156.52,16658.01,39.38,PERISHABLE,ROAD,4,11201.57
3517.74,2256.84,65.25,HAZARDOUS,RAIL,4,16686.46
6434.41,25631.37,1.31,STANDARD,ROAD,1,25315.88
1983.34,7555.42,53.26,PERISHABLE,ROAD,3,9033.75
700.48,17326.38,55.39,STANDARD,AIR,1,7016.54
2498.4,28174.52,57.57,STANDARD,AIR,1,27160.18
1412.32,20862.99,22.16,STANDARD,RAIL,1,3863.55
7905.95,17101.35,64.41,STANDARD,AIR,1,75738.95
6878.62,10446.25,8.68,STANDARD,RAIL,3,18826.7
5402.26,10722.76,18.33,STANDARD,ROAD,1,15941.7
7413.84,21456.63,79.03,STANDARD,SEA,4,16783.31
6841.03,31813.05,66.62,HAZARDOUS,SEA,2,19177.01
1626.52,21212.67,1.73,PERISHABLE,AIR,4,24462.72
7592.12,17893.29,22.73,STANDARD,ROAD,2,26555.2
4607.44,23407.75,19.69,PERISHABLE,SEA,4,13392.96
6872.87,14940.06,24.74,PERISHABLE,ROAD,4,33697.22
7621.97,2018.54,22.66,HAZARDOUS,ROAD,2,30663.67
2737.13,18037.27,6.1,STANDARD,ROAD,3,10045.25
979.94,30648.25,41.58,FRAGILE,AIR,1,14013.66
1976.05,5692.16,66.08,PERISHABLE,SEA,4,5524.34
3659.06,22111.16,54.8,FRAGILE,SEA,3,9144.74
6962.22,6509.78,60.72,STANDARD,RAIL,1,17713.77
7323.17,17192.9,7.76,FRAGILE,ROAD,3,32953.1
108.75,3183.98,85.66,FRAGILE,ROAD,3,543.19
4365.81,14466.83,75.55,FRAGILE,ROAD,1,19713.68
3577.12,24221.61,72.56,STANDARD,RAIL,4,11246.65
1926.81,11187.53,74.16,STANDARD,SEA,3,3918.56
1062.86,21310.68,83.98,HAZARDOUS,RAIL,4,5366.94
2902.85,25474.85,49.21,PERISHABLE,ROAD,4,15831.86
8017.59,29676.97,18.43,STANDARD,ROAD,4,35749.2
2781.06,7585.08,55.7,PERISHABLE,ROAD,1,12827.35
4433.78,12838.18,66.99,STANDARD,RAIL,2,11799.1
5990.51,4962.07,66.54,FRAGILE,AIR,4,77322.32
3122.67,31760.22,47.17,HAZARDOUS,SEA,2,9338.39
8261.56,29671.33,6.63,HAZARDOUS,SEA,2,24339.13
8182.68,17324.63,33.71,PERISHABLE,RAIL,3,28502.65
2177.56,26960.86,82.91,STANDARD,RAIL,4,7869.8
4251.75,16718.56,52.81,PERISHABLE,ROAD,4,22666.93
2592.42,19992.38,48.68,STANDARD,SEA,4,5299.91
2456.9,2943.07,24.56,HAZARDOUS,SEA,2,5942.69
361.69,24193.13,33.48,HAZARDOUS,ROAD,1,1999.32
5200.82,4174.06,80.63,FRAGILE,RAIL,2,18995.71
4297.64,26451.56,60.15,STANDARD,RAIL,4,14103.31
485.0,25046.7,70.97,PERISHABLE,SEA,4,1396.07
2404.56,22708.96,41.16,STANDARD,AIR,4,27592.2
7724.85,1253.52,56.91,STANDARD,SEA,2,13987.68
2074.3,9769.79,22.73,HAZARDOUS,RAIL,4,8756.3
1274.36,8493.29,63.64,STANDARD,ROAD,3,4550.78
4185.88,11588.35,38.77,HAZARDOUS,ROAD,4,24066.56
8378.75,2895.8,40.11,STANDARD,ROAD,1,27086.7
2095.37,29988.95,58.61,STANDARD,ROAD,3,8840.92
5729.55,17766.29,84.3,HAZARDOUS,SEA,4,20065.06
6485.69,9846.23,6.23,FRAGILE,SEA,3,13283.02
2058.04,12763.71,74.31,STANDARD,ROAD,4,9114.57
6203.43,14365.76,26.67,HAZARDOUS,SEA,1,13944.56
3157.77,19258.96,40.23,FRAGILE,ROAD,4,15183.92
5392.98,16550.17,2.46,FRAGILE,ROAD,3,22757.62
5403.33,29428.6,27.44,STANDARD,ROAD,1,20304.05
4577.3,15953.14,45.49,HAZARDOUS,RAIL,2,17044.39
812.95,31749.84,5.53,HAZARDOUS,ROAD,1,4939.34
7108.31,27260.46,44.45,HAZARDOUS,RAIL,1,31548.75
2760.59,6751.49,83.48,STANDARD,RAIL,1,8264.46
1626.08,29785.99,9.93,HAZARDOUS,AIR,3,26599.54
394.55,3812.09,68.92,FRAGILE,ROAD,1,1816.03
5043.05,26176.65,37.17,FRAGILE,ROAD,4,27314.92
5775.42,12241.88,59.14,STANDARD,ROAD,1,21130.86
190.17,28107.38,23.79,PERISHABLE,SEA,1,529.15
4377.19,27791.01,14.77,HAZARDOUS,ROAD,4,28699.52
1963.89,25809.02,14.86,STANDARD,SEA,4,4300.78
5501.71,25301.97,6.81,STANDARD,RAIL,2,15445.09
1523.4,9819.26,17.12,PERISHABLE,RAIL,1,4659.37
5888.42,2681.33,59.95,STANDARD,SEA,3,11376.48
3317.91,12955.07,79.41,PERISHABLE,ROAD,1,17069.56
7965.37,5635.43,73.36,FRAGILE,ROAD,1,37832.01
1212.05,22268.94,61.82,FRAGILE,ROAD,4,6219.43
2932.01,11140.58,10.38,STANDARD,SEA,2,4925.73
1008.85,31221.97,26.38,STANDARD,ROAD,1,4094.19
7863.66,20547.01,28.23,PERISHABLE,ROAD,3,38241.65
7463.52,26337.13,22.87,STANDARD,AIR,1,74175.0
2229.61,4327.54,46.59,HAZARDOUS,ROAD,3,10665.15
5626.87,27598.26,48.43,STANDARD,SEA,4,12673.96
6955.53,29535.95,32.44,STANDARD,SEA,2,14773.32
4741.45,15637.28,32.16,STANDARD,ROAD,1,15427.36
4525.55,19439.47,74.66,FRAGILE,ROAD,2,20804.07
2093.65,24497.43,71.14,PERISHABLE,ROAD,1,10608.55
836.72,5677.35,28.05,STANDARD,SEA,3,1461.22
7631.47,16131.86,82.28,STANDARD,SEA,2,14877.21
7658.53,12817.35,85.78,STANDARD,SEA,1,16430.31
5399.71,4769.33,29.74,FRAGILE,AIR,4,61799.73
2914.8,11824.35,32.22,STANDARD,SEA,3,4921.2
3000.82,2274.7,45.75,PERISHABLE,ROAD,2,12834.77
6184.33,923.4,84.73,FRAGILE,ROAD,1,31268.23
7630.58,4411.8,78.93,FRAGILE,SEA,2,18690.93
7545.88,30823.37,9.68,STANDARD,ROAD,1,27624.24
6639.95,17629.99,35.65,PERISHABLE,ROAD,3,29982.08
5475.17,30909.73,50.03,STANDARD,SEA,4,13013.63
760.98,13896.68,45.53,STANDARD,RAIL,3,1933.07
1415.76,10046.93,17.85,FRAGILE,AIR,2,14388.54
7642.78,16245.93,77.36,FRAGILE,SEA,2,18745.81
5174.33,14120.42,61.09,STANDARD,ROAD,1,19472.39
127.72,3470.7,75.49,STANDARD,AIR,3,1141.87
907.43,20542.36,77.36,HAZARDOUS,ROAD,1,5287.64
5656.59,6991.62,67.48,STANDARD,ROAD,3,22850.44
92.77,19864.86,39.81,HAZARDOUS,RAIL,2,500.0
1408.83,20841.41,55.14,FRAGILE,ROAD,1,6297.42
4686.8,4949.59,14.85,STANDARD,RAIL,1,9542.07
5896.51,2057.05,60.79,STANDARD,ROAD,3,22328.1
5559.07,25006.29,16.54,STANDARD,RAIL,4,18955.09
1945.08,14767.63,62.61,HAZARDOUS,RAIL,3,8120.3
6067.91,1955.43,21.05,FRAGILE,SEA,4,14224.9
2054.75,31836.24,11.02,STANDARD,SEA,3,4743.07
2799.63,1943.2,15.29,FRAGILE,ROAD,2,10168.82
6357.85,22271.62,0.68,PERISHABLE,RAIL,1,24435.71
5539.4,31479.36,64.83,STANDARD,RAIL,3,18135.69
7225.94,7729.85,66.05,PERISHABLE,ROAD,2,31389.96
5606.83,4637.75,46.59,STANDARD,SEA,3,10185.72
4852.21,3972.18,14.94,STANDARD,SEA,1,7845.3
841.55,9774.48,7.98,STANDARD,ROAD,3,2633.14
3157.2,3323.36,2.21,STANDARD,RAIL,4,7659.06
2290.96,22179.95,15.33,STANDARD,ROAD,1,7982.64
2111.71,2087.11,80.23,STANDARD,SEA,4,5191.02
8271.94,16350.57,22.12,PERISHABLE,ROAD,2,39631.87
3371.68,31894.63,32.21,HAZARDOUS,AIR,2,53359.3
7587.79,26065.65,9.93,HAZARDOUS,SEA,3,23224.57
5383.12,19725.5,20.4,STANDARD,RAIL,4,16085.03
6766.16,9869.49,46.97,STANDARD,SEA,4,13959.61
4297.28,20002.28,54.89,STANDARD,AIR,1,41823.69
4924.84,16912.62,22.46,HAZARDOUS,SEA,4,15074.56
4211.77,13692.06,5.67,PERISHABLE,ROAD,4,21122.12
1699.8,4269.66,35.5,STANDARD,RAIL,1,4628.27
6154.72,28382.67,21.46,STANDARD,SEA,1,12152.03
2422.53,14448.13,20.15,FRAGILE,SEA,4,5477.51
255.47,6308.46,86.41,STANDARD,SEA,3,543.31
5504.24,11831.52,55.66,STANDARD,SEA,1,9502.57
1546.59,13310.74,50.34,FRAGILE,SEA,1,3201.61
7996.88,26498.46,37.71,HAZARDOUS,AIR,4,135767.99
8110.7,23502.3,38.89,STANDARD,ROAD,4,32946.38
7780.6,24640.83,48.91,STANDARD,RAIL,1,21408.4
3177.84,451.9,62.83,PERISHABLE,SEA,4,9167.7
180.61,13375.31,63.34,STANDARD,SEA,1,500.0
7894.29,15454.88,15.87,STANDARD,SEA,3,14517.75
3668.16,712.23,45.26,STANDARD,ROAD,3,13216.62
8218.23,8388.04,37.37,STANDARD,SEA,1,13603.66
8192.59,24353.25,78.41,STANDARD,SEA,1,16284.77
7257.93,4473.8,57.01,HAZARDOUS,ROAD,2,37844.98
2538.09,17176.39,48.16,STANDARD,RAIL,2,6118.99
3304.08,6964.94,10.83,STANDARD,ROAD,4,10099.35
7242.1,486.65,54.7,FRAGILE,ROAD,4,35867.07
2727.99,7794.33,10.99,FRAGILE,ROAD,1,10293.36
1482.21,31230.37,30.68,PERISHABLE,RAIL,1,6552.14
4754.97,25669.03,13.28,PERISHABLE,RAIL,2,18350.77
7960.51,30710.49,62.44,STANDARD,SEA,2,17350.85
5931.45,15662.54,18.96,HAZARDOUS,SEA,1,15088.09
4867.02,3600.58,35.57,STANDARD,SEA,3,8710.87
871.14,17579.91,80.66,PERISHABLE,ROAD,3,4980.94
5246.81,14594.64,18.79,STANDARD,ROAD,4,18080.33
8415.96,27034.99,45.95,PERISHABLE,SEA,1,22814.68
1233.71,3228.83,38.02,HAZARDOUS,ROAD,1,6321.69
4429.89,15674.89,2.12,STANDARD,AIR,4,46246.12
7463.8,4886.55,71.45,FRAGILE,SEA,2,19058.47
6309.49,10457.16,6.68,PERISHABLE,RAIL,2,19410.36
5939.78,23621.69,42.95,PERISHABLE,AIR,3,83447.07
5985.99,15284.98,50.68,STANDARD,ROAD,1,20394.71
3087.7,12090.84,56.74,HAZARDOUS,ROAD,2,14443.87
2530.85,12683.79,62.13,STANDARD,SEA,3,4761.32
6889.1,14756.35,23.17,STANDARD,RAIL,3,17455.76
6895.46,25142.03,1.39,STANDARD,AIR,3,76001.09
7376.76,28557.5,65.25,STANDARD,ROAD,2,29907.65
7766.88,30575.18,48.44,HAZARDOUS,RAIL,2,35257.74
4370.84,25202.22,75.33,STANDARD,SEA,1,8980.0
4287.81,10161.48,74.01,HAZARDOUS,SEA,1,12186.63
6795.59,22051.5,75.98,STANDARD,ROAD,3,28149.45
5542.2,14059.54,43.92,STANDARD,RAIL,3,14667.03
5981.62,8223.99,30.36,STANDARD,SEA,2,9929.51
6774.45,26923.8,71.34,STANDARD,ROAD,2,25774.98
7570.55,1325.8,40.89,STANDARD,SEA,1,13482.81
2906.06,28866.21,16.92,STANDARD,SEA,1,5913.48
3223.68,14821.13,77.02,FRAGILE,SEA,4,9319.01
844.15,20426.73,79.49,STANDARD,SEA,1,1625.47
4936.47,21133.39,42.23,STANDARD,ROAD,2,16944.02
353.71,28654.26,7.28,STANDARD,SEA,3,784.27
3984.3,20409.76,35.21,PERISHABLE,SEA,4,11151.25
4635.35,19684.48,72.42,PERISHABLE,RAIL,1,17138.09
2471.27,2226.2,81.21,STANDARD,AIR,1,22375.25
5042.54,16637.22,18.71,STANDARD,RAIL,2,12772.59
307.73,4890.39,6.49,STANDARD,ROAD,4,999.36
365.59,23624.14,79.02,PERISHABLE,RAIL,1,1491.66
7000.97,16439.88,35.35,STANDARD,AIR,3,70921.64
3093.61,21799.27,48.99,STANDARD,ROAD,2,11901.91
1123.66,1429.37,87.14,STANDARD,SEA,4,2613.95
4462.96,2804.87,6.46,STANDARD,SEA,1,7001.03
6556.45,22950.72,58.52,STANDARD,RAIL,1,17691.77
1873.69,2399.49,7.13,HAZARDOUS,ROAD,4,8337.06
5313.42,2373.09,34.1,STANDARD,SEA,2,8104.95
771.19,486.26,72.44,FRAGILE,ROAD,4,4327.36
486.71,30612.39,39.3,STANDARD,SEA,4,1124.57
4539.95,23626.52,89.75,STANDARD,RAIL,2,13705.52
4618.37,11368.72,50.54,PERISHABLE,RAIL,1,15309.95
5436.28,9559.49,29.24,STANDARD,SEA,3,9610.21
6185.47,11255.53,20.2,HAZARDOUS,RAIL,2,21463.48
8295.95,24811.45,31.87,FRAGILE,RAIL,3,29069.82
4412.74,21197.72,33.84,STANDARD,RAIL,1,12335.33
2778.98,6007.74,6.65,PERISHABLE,RAIL,4,8826.67
6769.32,5654.09,33.58,STANDARD,RAIL,3,16526.1
2338.53,3238.82,42.05,PERISHABLE,SEA,1,4879.98
3759.31,21163.66,65.19,STANDARD,RAIL,1,9797.81
712.96,24483.49,59.28,PERISHABLE,RAIL,4,3100.65
264.21,8554.98,63.93,STANDARD,SEA,4,525.09
8184.38,768.14,1.25,FRAGILE,ROAD,1,25509.13
7114.03,2721.28,19.98,HAZARDOUS,ROAD,1,30753.86
5930.98,30974.74,59.72,PERISHABLE,AIR,3,89083.58
3505.65,9524.69,43.82,PERISHABLE,SEA,1,8691.62
1514.34,24638.22,0.98,HAZARDOUS,SEA,1,4649.78
1371.89,20026.77,72.5,PERISHABLE,SEA,3,3574.6
2164.55,12283.87,69.67,STANDARD,ROAD,2,8146.0
4690.97,6661.42,49.58,STANDARD,SEA,3,9067.77
6088.34,3972.23,6.45,STANDARD,RAIL,3,13523.36
5628.67,19718.91,69.1,STANDARD,RAIL,4,16916.46
2415.44,24810.82,52.74,STANDARD,RAIL,3,7241.01
8118.61,20640.55,70.49,FRAGILE,ROAD,1,36802.2
6285.23,17016.64,67.78,STANDARD,ROAD,1,22563.69
4734.29,1438.24,72.37,FRAGILE,AIR,1,51305.81
5219.04,30994.79,46.86,STANDARD,RAIL,2,15545.88
3595.62,25578.98,13.06,STANDARD,RAIL,1,9918.6
2143.33,9441.02,60.57,FRAGILE,ROAD,2,9434.3
3057.97,31361.05,56.03,HAZARDOUS,ROAD,1,18499.99
6453.8,19300.02,66.93,HAZARDOUS,SEA,3,17906.89
171.62,18679.28,15.7,FRAGILE,RAIL,4,665.31
1030.81,23963.53,17.95,STANDARD,RAIL,1,2718.6
438.72,25995.46,80.19,FRAGILE,ROAD,2,2032.65
394.16,21041.67,67.62,STANDARD,SEA,2,752.79
7278.64,4186.25,81.79,STANDARD,ROAD,4,31260.42
5995.91,10890.73,68.41,STANDARD,ROAD,1,21465.41
4056.77,29705.87,53.95,STANDARD,RAIL,3,13819.26
876.7,7265.24,59.04,STANDARD,ROAD,1,2985.47
4204.15,11972.13,80.08,PERISHABLE,ROAD,1,23550.07
4050.84,13883.25,52.3,PERISHABLE,SEA,4,11154.43
1513.56,14117.02,57.1,STANDARD,SEA,1,2814.2
3716.05,19652.77,14.5,STANDARD,SEA,3,7382.48
3417.37,30184.12,42.92,STANDARD,RAIL,2,11455.5
5253.93,7778.1,64.62,STANDARD,ROAD,4,20770.86
5416.54,3975.89,24.75,PERISHABLE,ROAD,3,21710.87
432.82,6399.31,18.6,STANDARD,AIR,2,3298.58
3215.48,28392.9,28.59,HAZARDOUS,SEA,4,10950.97
5338.52,20701.36,22.11,STANDARD,SEA,4,10645.4
4301.5,9220.43,19.73,PERISHABLE,ROAD,2,17499.88
7287.34,26128.71,38.52,STANDARD,RAIL,2,22642.37
5615.96,27577.7,81.75,HAZARDOUS,ROAD,3,33800.84
1426.8,27103.81,45.88,STANDARD,SEA,1,2863.74
646.31,29413.76,17.32,FRAGILE,AIR,1,8397.99
5478.44,8146.49,7.39,STANDARD,AIR,1,45823.71
274.02,24185.84,62.81,STANDARD,RAIL,1,754.02
4999.8,14791.21,34.76,PERISHABLE,RAIL,1,17982.73
7994.95,26959.75,74.05,PERISHABLE,AIR,3,126193.67
4912.76,23338.85,59.53,PERISHABLE,SEA,4,14438.04
3330.04,24868.67,71.76,FRAGILE,ROAD,3,16187.52
5485.79,21031.56,24.84,HAZARDOUS,RAIL,3,23978.24
3922.24,5759.98,62.47,STANDARD,ROAD,3,15327.73
4660.46,17486.36,24.13,STANDARD,RAIL,4,13469.7
8005.38,31510.96,84.55,STANDARD,RAIL,3,25328.13
3312.57,30002.68,57.46,FRAGILE,SEA,3,8421.78
8172.06,1477.24,29.54,STANDARD,RAIL,4,22388.88
7700.21,5357.59,24.62,STANDARD,ROAD,3,24984.67
1704.44,4302.15,17.59,FRAGILE,RAIL,1,4429.69
636.1,23258.76,62.67,HAZARDOUS,SEA,2,1758.05
901.57,26187.35,20.08,STANDARD,SEA,3,1791.96
203.97,6911.01,53.78,STANDARD,ROAD,2,678.02
848.04,16236.7,24.18,STANDARD,AIR,3,8248.19
5821.41,26918.43,59.75,STANDARD,AIR,3,61599.19
651.54,23476.37,73.44,STANDARD,ROAD,1,2405.33
2745.34,17397.37,70.13,FRAGILE,ROAD,4,13373.87
7189.2,18932.09,68.6,FRAGILE,SEA,2,17159.3
246.65,16316.7,17.3,FRAGILE,SEA,4,612.17
6932.26,9591.8,8.41,STANDARD,AIR,1,55541.33
2431.67,18124.2,63.06,HAZARDOUS,SEA,1,6613.0
1048.49,22075.44,33.47,STANDARD,SEA,2,2027.64
5937.43,27959.0,39.19,STANDARD,RAIL,4,19442.13
5364.57,20397.69,3.29,HAZARDOUS,ROAD,1,26412.83
7464.64,24379.78,23.73,STANDARD,ROAD,3,31291.93
6261.35,5206.29,3.51,STANDARD,RAIL,3,14148.8
6839.41,14823.68,79.19,PERISHABLE,SEA,3,18864.24
2433.19,397.68,22.28,STANDARD,SEA,4,4569.92
1549.36,7969.06,50.38,FRAGILE,SEA,3,4069.41
6392.69,23274.13,3.99,STANDARD,ROAD,3,23438.09
6867.75,31738.74,60.18,FRAGILE,SEA,1,18277.42
8419.77,3263.78,29.41,STANDARD,ROAD,1,25282.04
3536.62,12907.67,80.86,STANDARD,RAIL,3,10633.07
3193.55,25622.26,79.99,FRAGILE,SEA,3,8023.44
6610.69,6608.74,29.61,STANDARD,SEA,1,10420.87
2929.79,17807.21,81.14,STANDARD,AIR,2,27105.77
7914.9,23484.97,89.66,STANDARD,ROAD,4,33813.31
7303.59,19749.94,74.37,STANDARD,RAIL,4,24737.27
3675.0,6097.99,76.12,STANDARD,ROAD,1,13907.46
6394.86,11436.77,22.79,STANDARD,RAIL,4,17924.55
6425.89,25102.96,52.11,PERISHABLE,SEA,1,16454.1
921.4,17779.83,6.52,STANDARD,SEA,1,1657.12
7676.57,266.82,9.0,STANDARD,SEA,1,11641.86
4319.38,24375.61,89.9,STANDARD,ROAD,1,16384.39
7033.57,1226.43,29.73,STANDARD,SEA,2,11450.14
2754.42,23888.91,67.46,PERISHABLE,ROAD,3,13762.57
7617.17,6559.13,72.7,STANDARD,SEA,3,15095.49
3338.75,30662.54,77.29,PERISHABLE,ROAD,2,16328.1
141.58,11837.31,89.79,STANDARD,ROAD,4,677.51
7700.48,10529.12,22.11,HAZARDOUS,RAIL,4,29796.3
821.37,4849.53,4.11,FRAGILE,AIR,3,8594.19
2748.2,9848.77,37.3,PERISHABLE,ROAD,4,13933.88
8078.02,28065.16,12.14,FRAGILE,RAIL,3,29410.96
8082.63,31883.07,2.51,FRAGILE,SEA,3,21172.79
4895.55,11849.07,32.76,STANDARD,RAIL,2,13155.93
5389.02,14410.68,70.64,STANDARD,ROAD,4,24327.54
3839.36,23134.06,51.17,PERISHABLE,RAIL,2,14271.48
2527.63,28369.65,28.49,STANDARD,RAIL,3,7974.72
2827.22,19018.11,59.06,STANDARD,AIR,3,27219.83
5732.78,12589.67,21.27,HAZARDOUS,SEA,3,15016.32
6407.56,13262.64,1.79,STANDARD,RAIL,1,15462.36
6738.84,22290.22,68.91,PERISHABLE,AIR,1,81628.43
6722.27,202.66,56.33,HAZARDOUS,RAIL,1,24799.43
820.69,19864.9,68.73,FRAGILE,ROAD,2,3722.78
4227.85,11440.23,3.98,PERISHABLE,ROAD,3,17745.88
536.37,25434.89,75.42,STANDARD,RAIL,4,1759.28
4693.52,3066.4,55.95,STANDARD,ROAD,2,15630.69
3780.93,18863.65,50.92,STANDARD,AIR,2,34419.52
7551.1,15443.04,56.4,STANDARD,SEA,2,14425.94
3015.23,20590.18,77.87,HAZARDOUS,ROAD,4,19509.93
1039.22,2168.83,53.03,PERISHABLE,SEA,3,2593.55
1258.28,18601.48,52.5,STANDARD,SEA,1,2401.08
6484.76,18011.36,89.17,STANDARD,AIR,3,64418.78
5273.94,17985.06,68.23,PERISHABLE,SEA,3,14811.48
904.49,19351.26,40.09,STANDARD,RAIL,2,2384.58
760.7,21679.33,63.81,STANDARD,SEA,2,1428.93
5973.19,25779.15,35.34,STANDARD,SEA,2,11334.15
664.85,8707.28,20.98,PERISHABLE,SEA,1,1386.07
6994.72,26419.08,53.92,FRAGILE,ROAD,1,34340.73
6017.75,15994.36,83.57,HAZARDOUS,ROAD,1,36237.85
737.4,2558.16,83.66,HAZARDOUS,RAIL,3,3486.74
766.88,1967.77,31.1,STANDARD,ROAD,2,2217.37
8387.1,10762.2,47.73,STANDARD,ROAD,4,33529.84
3212.59,25138.21,19.44,HAZARDOUS,SEA,3,8960.68
3181.93,22675.02,89.61,STANDARD,ROAD,1,13099.85
6918.16,25256.82,88.31,HAZARDOUS,SEA,4,23447.78
8054.25,16600.88,58.63,PERISHABLE,RAIL,4,33648.26
8381.71,14142.35,72.5,FRAGILE,AIR,2,87015.97
6416.05,4803.74,64.5,HAZARDOUS,RAIL,4,30919.32
3229.39,10569.35,53.59,HAZARDOUS,ROAD,1,15394.36
755.58,13945.22,5.27,HAZARDOUS,SEA,2,1843.58
6616.89,2926.35,41.2,STANDARD,SEA,4,12482.5
4768.52,7137.52,60.89,STANDARD,AIR,2,36907.55
3634.68,19183.39,61.14,STANDARD,RAIL,4,11294.66
7708.69,23567.65,33.89,FRAGILE,ROAD,3,39575.69
989.62,31947.29,84.78,STANDARD,AIR,3,12653.08
4212.68,29866.32,15.48,HAZARDOUS,ROAD,1,24777.63
145.94,20597.83,45.28,STANDARD,SEA,3,500.0
4010.18,13537.81,62.33,FRAGILE,RAIL,3,14251.18
525.76,20394.06,62.89,STANDARD,ROAD,3,2011.25
1054.01,25162.29,58.55,HAZARDOUS,ROAD,4,6599.98
1043.1,3874.92,25.14,FRAGILE,ROAD,4,4479.1
5535.83,13175.97,14.48,STANDARD,SEA,2,9747.7
6354.08,26889.69,57.42,STANDARD,AIR,4,73961.05
4979.47,12344.27,54.14,HAZARDOUS,ROAD,3,26404.5
8180.36,18342.73,16.55,STANDARD,SEA,4,16992.72
3217.66,18849.84,63.61,STANDARD,ROAD,1,11941.15
2464.27,5984.79,41.24,PERISHABLE,RAIL,2,7790.12
7389.66,11655.31,60.26,HAZARDOUS,ROAD,2,38426.33
1939.38,10770.91,75.44,PERISHABLE,AIR,4,27711.63
8189.23,935.68,15.69,STANDARD,SEA,3,13845.47
152.71,871.72,2.21,STANDARD,SEA,2,500.0
8245.48,26631.14,70.23,PERISHABLE,SEA,1,21911.01
414.7,8810.96,55.07,FRAGILE,SEA,1,942.93
7580.16,16626.71,63.12,HAZARDOUS,AIR,2,107048.36
4509.07,9629.35,75.51,STANDARD,SEA,3,9948.42
8440.55,30107.67,72.35,STANDARD,AIR,3,88048.02
673.58,8371.57,86.5,STANDARD,RAIL,4,2180.53
4730.07,13806.05,48.47,STANDARD,ROAD,4,19135.99
8240.61,27940.09,44.22,STANDARD,RAIL,2,24202.46
4470.18,26957.68,36.47,STANDARD,ROAD,4,19109.45
5368.42,6036.64,14.26,PERISHABLE,SEA,4,11813.16
5929.08,25704.32,51.75,STANDARD,RAIL,4,19126.19
3890.87,14716.16,25.29,FRAGILE,SEA,1,7878.18
5352.87,15506.71,82.96,HAZARDOUS,ROAD,4,37912.6
4987.46,4358.01,52.7,FRAGILE,ROAD,2,21118.18
7664.79,2671.19,53.56,STANDARD,RAIL,3,21082.98
434.02,23321.26,32.27,HAZARDOUS,AIR,4,7556.04
2424.14,15937.11,5.15,FRAGILE,RAIL,3,8337.34
8080.98,14035.54,3.34,HAZARDOUS,RAIL,4,35045.83
7572.73,23371.31,38.39,HAZARDOUS,SEA,2,22262.36
3900.3,24519.86,8.07,PERISHABLE,SEA,1,9854.07
5290.12,5169.17,54.81,FRAGILE,ROAD,2,22355.89
2393.87,19566.18,79.35,STANDARD,RAIL,1,7204.33
1639.62,4417.8,79.52,FRAGILE,ROAD,4,8681.35
3968.25,24068.87,59.48,STANDARD,AIR,4,45685.39
3035.83,21056.87,19.41,PERISHABLE,ROAD,1,14709.93
4981.89,30616.01,77.74,STANDARD,RAIL,2,15715.04
706.86,2299.76,79.81,STANDARD,ROAD,2,2514.9
8283.64,1920.05,18.1,HAZARDOUS,ROAD,1,36484.34
8383.48,9101.77,66.5,FRAGILE,SEA,4,22183.72
5949.47,8448.41,26.14,STANDARD,ROAD,1,18611.5
4580.01,7978.62,72.34,STANDARD,ROAD,4,20057.57
2665.51,29009.52,89.75,PERISHABLE,RAIL,1,11414.16
6926.57,8060.52,3.19,STANDARD,ROAD,4,25077.49
5835.98,8775.2,80.81,PERISHABLE,ROAD,1,31476.76
1424.11,24324.8,56.23,STANDARD,SEA,3,3099.59
7747.33,14446.7,87.62,HAZARDOUS,SEA,4,26892.07
7000.44,24877.07,42.12,HAZARDOUS,AIR,2,105884.65
8075.81,2185.18,76.34,STANDARD,SEA,1,16663.67
6182.33,15653.52,6.08,STANDARD,SEA,2,11316.68
5233.36,1172.27,30.51,STANDARD,ROAD,1,16055.21
3584.15,2098.64,6.5,HAZARDOUS,SEA,2,7711.68
7931.56,29015.35,87.79,FRAGILE,SEA,2,20159.8
7368.24,4541.93,73.62,FRAGILE,SEA,1,17187.91
432.1,17084.22,76.8,STANDARD,RAIL,1,1313.97
272.8,13213.95,84.45,STANDARD,ROAD,2,1065.83
3231.12,11180.25,8.12,STANDARD,SEA,2,5872.32
6899.18,28804.68,35.01,STANDARD,SEA,2,13342.36
8392.48,796.17,6.86,FRAGILE,AIR,4,84294.05
1321.02,21274.89,19.37,PERISHABLE,ROAD,4,7233.4
5070.4,30832.28,21.03,FRAGILE,ROAD,3,27610.62
3268.53,17969.37,42.49,STANDARD,ROAD,4,13074.03
8245.78,29984.64,24.54,PERISHABLE,SEA,4,26184.2
7165.9,1767.03,9.54,HAZARDOUS,ROAD,1,28009.88
7133.88,13459.51,15.49,PERISHABLE,ROAD,3,30769.92
4010.46,8399.03,13.68,FRAGILE,AIR,3,42950.42
3555.22,23413.19,87.59,STANDARD,ROAD,4,15142.32
2360.29,31403.38,68.46,STANDARD,SEA,1,4910.51
526.37,8283.31,87.11,HAZARDOUS,RAIL,1,2364.44
7356.9,20968.17,39.86,STANDARD,SEA,3,13994.06
6919.01,6419.31,25.41,STANDARD,SEA,1,11927.51
8497.61,18134.04,71.95,FRAGILE,AIR,2,103239.86
8471.58,14899.45,29.7,FRAGILE,AIR,4,100939.02
4743.4,31106.97,27.29,FRAGILE,ROAD,2,22766.35
6547.94,19512.02,21.31,STANDARD,ROAD,3,21918.58
8033.27,11249.25,12.11,STANDARD,ROAD,3,25692.75
7229.52,3739.66,23.45,FRAGILE,SEA,1,14565.22
2140.09,4924.77,32.3,PERISHABLE,SEA,1,4592.76
3857.1,7287.61,60.82,HAZARDOUS,RAIL,3,16331.07
1141.4,8105.84,6.1,PERISHABLE,SEA,3,2356.07
8111.73,27234.65,19.34,HAZARDOUS,ROAD,2,47585.66
5172.18,18003.01,72.91,FRAGILE,SEA,2,12181.44
1982.03,16796.17,13.65,STANDARD,AIR,1,18129.03
5725.87,3761.13,31.17,FRAGILE,ROAD,2,21922.01
5273.18,27538.46,77.89,FRAGILE,RAIL,1,18236.48
3076.47,23157.78,14.37,FRAGILE,ROAD,1,13344.47
1009.56,2258.62,7.9,STANDARD,SEA,4,1765.65
5724.79,22679.94,43.87,FRAGILE,RAIL,1,20023.87
4446.6,17438.87,27.57,STANDARD,ROAD,2,15879.95
6576.09,2707.04,50.93,FRAGILE,RAIL,3,22356.85
4445.38,14719.79,72.44,STANDARD,ROAD,3,17426.1
7250.93,15561.81,12.77,HAZARDOUS,RAIL,2,25223.0
4713.61,5388.21,52.47,STANDARD,SEA,3,8854.59
4789.93,30267.77,45.74,STANDARD,ROAD,1,19105.5
7457.72,27214.21,13.4,STANDARD,SEA,3,17082.35
3459.43,21441.81,56.35,FRAGILE,SEA,2,8283.7
1182.43,14847.23,24.99,STANDARD,RAIL,3,3330.04
293.21,13235.32,44.16,STANDARD,ROAD,1,992.76
6430.91,20866.05,7.86,FRAGILE,SEA,1,14461.6
5291.62,17499.28,41.63,STANDARD,AIR,2,49065.44
5999.47,2086.51,27.93,PERISHABLE,ROAD,2,24645.17
1849.55,16448.83,74.1,PERISHABLE,ROAD,2,8873.38
1202.34,25824.28,5.6,FRAGILE,ROAD,4,6354.0
172.9,14749.75,37.97,STANDARD,SEA,4,500.0
3012.46,1757.41,41.53,HAZARDOUS,ROAD,1,15382.3
5034.8,25182.27,65.39,STANDARD,RAIL,4,15136.06
3364.46,6523.5,51.9,STANDARD,SEA,4,7248.28
3746.66,8350.0,60.22,STANDARD,SEA,3,7063.77
7690.14,5354.13,70.05,PERISHABLE,RAIL,4,30952.56
2992.76,10633.86,77.67,STANDARD,RAIL,3,9514.29
4393.21,24240.37,28.59,FRAGILE,SEA,2,10886.86
6671.87,16668.41,48.65,HAZARDOUS,ROAD,3,36608.06
3400.79,6635.71,75.69,STANDARD,ROAD,3,13855.8
5306.63,28102.78,89.06,STANDARD,SEA,2,11988.35
7336.97,28158.66,80.11,PERISHABLE,ROAD,2,38946.24
8073.45,27871.45,33.75,FRAGILE,SEA,1,20119.12
1292.77,7717.6,17.97,FRAGILE,AIR,1,13071.57
7879.67,14494.54,44.3,STANDARD,ROAD,1,27369.19
4208.38,31521.17,66.88,STANDARD,RAIL,1,12591.63
2232.17,24727.2,44.58,STANDARD,SEA,3,4493.57
3929.7,966.64,43.74,STANDARD,SEA,3,7109.31
8331.28,2180.03,75.52,STANDARD,AIR,1,65812.6
4212.62,14899.41,32.85,HAZARDOUS,SEA,4,12233.64
2827.95,29104.12,77.45,STANDARD,ROAD,1,10306.06
5402.24,17284.59,36.91,STANDARD,SEA,4,11126.75
2079.23,15980.22,29.88,FRAGILE,RAIL,2,6810.27
691.05,3464.61,41.13,HAZARDOUS,RAIL,3,2586.61
1139.03,21051.29,68.74,STANDARD,ROAD,3,4668.13
1131.99,26325.09,11.78,FRAGILE,ROAD,4,5754.53
1333.58,12235.4,18.08,STANDARD,SEA,1,2379.36
1223.09,24842.02,85.65,STANDARD,RAIL,3,3929.38
5465.39,30866.81,16.21,STANDARD,ROAD,4,23370.11
1586.89,6600.15,51.31,HAZARDOUS,RAIL,2,6705.52
2970.89,16794.22,52.35,STANDARD,SEA,2,5386.2
7627.86,9259.7,44.32,STANDARD,SEA,3,13514.73
4054.98,25392.06,58.2,STANDARD,ROAD,1,14457.6
5690.86,18525.23,21.07,HAZARDOUS,ROAD,4,32963.36
1506.1,20343.18,49.96,STANDARD,ROAD,3,5578.26
1674.84,25553.46,33.81,STANDARD,AIR,2,17193.21
395.34,12731.46,59.72,STANDARD,SEA,1,731.16
1477.5,29291.37,13.14,STANDARD,RAIL,4,5204.54
2404.09,17103.62,51.59,FRAGILE,SEA,3,5475.1
1545.74,5138.76,17.08,FRAGILE,RAIL,4,4449.58
799.54,22299.18,25.44,STANDARD,SEA,1,1529.87
1069.37,25405.04,20.07,STANDARD,RAIL,1,2793.97
3943.58,10204.7,16.86,STANDARD,ROAD,2,12431.2
1793.52,27444.02,74.4,STANDARD,ROAD,1,6666.5
3128.08,29005.97,26.07,STANDARD,RAIL,3,9901.99
4303.88,8933.25,83.48,HAZARDOUS,AIR,4,68002.12
5883.84,31474.33,87.31,PERISHABLE,ROAD,1,30507.93
382.19,4588.7,51.63,PERISHABLE,SEA,1,945.74
6805.02,6544.3,13.3,PERISHABLE,SEA,3,14372.04
5355.76,5976.77,34.02,FRAGILE,ROAD,4,25494.95
740.86,28618.27,71.9,HAZARDOUS,ROAD,4,4826.72
7431.74,20971.93,33.38,STANDARD,ROAD,2,25733.5
7831.37,4952.13,8.29,FRAGILE,SEA,2,15095.46
566.11,14146.32,50.33,STANDARD,ROAD,4,2155.86
2389.62,19728.01,76.14,STANDARD,RAIL,3,6969.45
6862.4,2762.5,71.74,HAZARDOUS,RAIL,3,29258.71
6372.79,28249.08,16.17,STANDARD,SEA,2,13079.99
1609.2,25734.95,60.71,STANDARD,ROAD,1,6431.67
1819.0,16216.1,20.24,PERISHABLE,RAIL,3,5996.79
3180.49,30951.34,20.03,STANDARD,RAIL,1,9771.42
4144.22,13426.58,78.73,STANDARD,RAIL,3,12947.77
5274.25,31493.12,22.85,PERISHABLE,SEA,4,16945.25
3167.32,21406.65,24.06,FRAGILE,ROAD,2,14835.69
3958.42,20346.01,0.56,FRAGILE,SEA,1,9078.42
6366.13,5393.96,78.42,STANDARD,SEA,1,12695.75
359.97,28233.5,71.44,STANDARD,SEA,4,859.69
2183.09,13736.92,56.65,PERISHABLE,SEA,3,5554.52
6077.8,5275.25,67.65,FRAGILE,RAIL,1,20560.07
7614.5,502.18,14.11,FRAGILE,ROAD,3,28722.71
4373.67,17956.21,41.52,STANDARD,SEA,4,8827.1
4546.36,16924.05,31.93,STANDARD,RAIL,2,11556.01
955.6,23047.38,8.89,PERISHABLE,SEA,1,2383.51
3830.63,28499.23,44.01,STANDARD,ROAD,3,16557.28
4550.62,2633.07,82.91,FRAGILE,AIR,1,43291.38
2098.88,23434.74,4.09,STANDARD,SEA,3,4343.22
2325.11,6078.44,26.59,FRAGILE,ROAD,3,9164.86
3238.05,27475.85,19.07,PERISHABLE,RAIL,3,12386.66
219.6,26228.13,21.81,FRAGILE,SEA,4,622.62
2771.57,17351.32,81.8,STANDARD,SEA,2,5744.41
1836.74,22756.75,42.39,FRAGILE,RAIL,1,6478.62
2817.35,10127.77,42.23,HAZARDOUS,SEA,2,6323.75
1061.99,15130.26,68.57,STANDARD,ROAD,3,4298.79
7574.96,26310.22,14.33,PERISHABLE,RAIL,3,29747.01
5065.86,14750.56,44.11,FRAGILE,SEA,2,11170.21
5788.41,11513.76,38.98,PERISHABLE,SEA,2,13400.64
6718.5,15865.38,53.92,FRAGILE,SEA,1,14485.55
4261.84,26521.15,89.96,STANDARD,SEA,3,9571.58
784.48,10793.14,69.37,STANDARD,ROAD,2,2839.97
4588.55,5642.99,36.11,STANDARD,SEA,4,8088.08
5008.81,22813.25,74.57,PERISHABLE,ROAD,3,27437.09
6348.96,26448.7,15.78,HAZARDOUS,ROAD,3,36322.58
3697.52,3310.34,3.23,FRAGILE,ROAD,1,12331.99
1128.05,7751.98,18.8,STANDARD,RAIL,4,2903.67
2447.91,4628.91,30.97,STANDARD,ROAD,1,7703.33
3118.05,11199.33,46.2,HAZARDOUS,ROAD,4,17435.89
5508.0,14466.2,55.55,STANDARD,ROAD,1,19554.72
4873.08,23987.56,82.0,STANDARD,ROAD,4,20341.41
3059.02,20871.61,46.13,FRAGILE,SEA,4,7808.54
8386.05,19907.62,45.36,STANDARD,RAIL,4,25697.4
5168.8,11340.76,5.0,STANDARD,ROAD,2,17564.33
2054.57,26942.18,3.62,STANDARD,SEA,3,4332.33
910.06,15134.06,49.83,STANDARD,SEA,4,1934.99
1341.66,31333.45,39.72,PERISHABLE,SEA,2,3755.34
2128.34,20329.13,75.61,STANDARD,ROAD,2,7865.61
1407.76,4127.85,14.88,STANDARD,SEA,1,2150.06
1626.49,21670.06,2.73,STANDARD,ROAD,3,6113.48
2459.05,10470.82,40.69,HAZARDOUS,ROAD,3,12612.57
1515.01,21993.84,21.75,STANDARD,ROAD,1,5798.95
7627.67,2321.55,4.94,FRAGILE,SEA,3,14571.47
727.98,5678.72,65.35,STANDARD,ROAD,1,2758.84
4482.12,27398.02,10.49,STANDARD,ROAD,2,16661.34
3517.85,7347.03,54.94,STANDARD,ROAD,2,11987.64
8351.1,26801.61,25.65,HAZARDOUS,SEA,4,27091.11
996.73,9008.91,16.03,PERISHABLE,SEA,1,2149.91
3411.88,20607.93,34.49,STANDARD,ROAD,2,11995.63
8242.03,22243.4,72.23,FRAGILE,SEA,2,20379.01
7363.54,16453.69,35.59,PERISHABLE,RAIL,1,24270.65
6954.26,9839.41,67.69,STANDARD,SEA,2,13446.93
2229.28,6883.36,11.73,HAZARDOUS,ROAD,3,10410.67
1494.0,1158.74,69.66,STANDARD,SEA,2,2665.45
5700.04,9795.89,21.71,PERISHABLE,ROAD,1,25346.95
7903.23,20935.89,61.13,HAZARDOUS,SEA,3,22383.97
4754.65,30031.92,51.14,PERISHABLE,ROAD,3,24287.82
4880.13,27891.42,83.66,FRAGILE,RAIL,2,17965.68
2415.82,24537.47,35.17,STANDARD,RAIL,4,7873.27
6552.22,25251.47,6.42,PERISHABLE,RAIL,3,26102.05
1630.52,21313.02,2.21,STANDARD,ROAD,1,6099.47
2785.09,8403.15,74.5,STANDARD,SEA,4,6442.66
3644.94,29039.52,47.46,HAZARDOUS,ROAD,4,24504.07
4339.31,21496.36,69.88,HAZARDOUS,SEA,3,13012.97
2098.36,17978.06,21.48,PERISHABLE,SEA,2,5009.12
1020.37,3640.56,31.38,STANDARD,SEA,4,2056.74
5209.74,14361.07,3.19,HAZARDOUS,SEA,2,12355.39
2488.93,14785.43,86.55,HAZARDOUS,SEA,3,7855.36
4961.46,27679.58,60.27,STANDARD,RAIL,1,14730.36
1354.36,17538.08,84.02,STANDARD,SEA,4,3253.41
4115.63,12234.78,24.26,STANDARD,ROAD,1,12716.75
4550.38,31259.93,55.23,STANDARD,SEA,2,8984.69
487.91,3631.99,61.23,PERISHABLE,SEA,2,1212.16
2894.31,13579.29,28.92,FRAGILE,RAIL,1,8975.36
1185.8,1440.59,76.41,HAZARDOUS,ROAD,3,7330.45
585.52,23702.94,85.27,PERISHABLE,RAIL,3,2303.19
8415.16,29386.64,79.69,STANDARD,SEA,4,20796.19
2773.89,9033.19,66.65,HAZARDOUS,AIR,4,43764.43
6893.44,27481.1,25.33,STANDARD,RAIL,3,20992.5
2201.71,9421.76,25.7,PERISHABLE,SEA,3,4675.44
5808.7,29153.57,86.72,STANDARD,AIR,1,60959.19
6473.93,24151.38,1.42,PERISHABLE,ROAD,2,32087.22
5083.15,25776.53,64.59,STANDARD,ROAD,2,19725.55
4034.82,674.41,63.71,STANDARD,SEA,4,8489.2
3530.06,30813.65,56.23,HAZARDOUS,SEA,3,12027.93
2997.94,23280.8,89.11,STANDARD,SEA,1,5979.45
7904.52,9821.56,28.41,FRAGILE,RAIL,4,24392.51
7068.73,26557.69,30.93,STANDARD,ROAD,1,28267.64
8204.48,9080.53,7.57,HAZARDOUS,RAIL,3,26664.91
1100.31,27940.85,40.13,STANDARD,ROAD,3,4446.67
6225.83,3691.31,23.86,STANDARD,ROAD,3,22048.08
7978.98,22547.58,31.23,STANDARD,SEA,2,15395.39
1581.42,17348.28,75.19,STANDARD,ROAD,3,5951.78
611.89,3179.45,84.23,STANDARD,SEA,4,1421.34
6312.47,7816.41,17.12,STANDARD,RAIL,2,14516.13
4904.3,495.69,33.84,STANDARD,SEA,1,8300.66
7163.45,15053.7,83.61,STANDARD,ROAD,4,32632.14
1231.08,9710.36,6.03,FRAGILE,ROAD,4,5127.53
6770.01,19187.6,8.77,PERISHABLE,ROAD,1,33663.96
1753.75,9581.89,15.07,STANDARD,AIR,2,14612.82
1432.89,9667.42,53.77,FRAGILE,SEA,4,3740.56
1438.05,23807.86,13.97,FRAGILE,RAIL,4,5581.87
6933.16,1635.76,87.14,STANDARD,ROAD,4,32785.81
5670.92,28902.35,40.48,HAZARDOUS,AIR,2,88968.49
4469.9,27287.22,45.39,STANDARD,ROAD,2,17452.68
3082.12,21402.97,22.58,FRAGILE,ROAD,2,13205.25
7462.34,19023.77,42.65,STANDARD,SEA,4,15041.68
3366.16,28564.45,59.74,FRAGILE,AIR,3,47874.88
6950.27,6012.03,67.73,FRAGILE,ROAD,1,30817.14
3760.69,2619.12,67.97,STANDARD,ROAD,3,13907.3
3235.18,7740.37,52.22,STANDARD,AIR,2,25672.97
3959.64,25447.05,81.44,PERISHABLE,ROAD,4,23887.35
2596.64,1205.98,73.66,STANDARD,ROAD,4,10807.91
6367.3,18691.54,68.26,FRAGILE,SEA,3,15677.67
4297.99,31854.46,5.48,PERISHABLE,SEA,3,12645.08
2012.2,27396.71,1.12,HAZARDOUS,RAIL,1,8032.92
7651.41,16734.12,19.51,FRAGILE,AIR,4,93902.0
3293.88,2130.15,59.89,HAZARDOUS,SEA,3,9447.67
4643.02,26620.82,37.3,PERISHABLE,ROAD,1,22984.11
7709.69,19207.41,36.52,STANDARD,AIR,2,75855.63
5324.81,3766.36,79.67,STANDARD,RAIL,3,16918.45
1037.79,3094.05,80.65,STANDARD,ROAD,2,4102.59
7991.58,29117.1,81.87,PERISHABLE,SEA,1,23394.32
5354.13,21447.49,28.59,FRAGILE,ROAD,2,23762.94
2879.95,26554.25,62.35,STANDARD,ROAD,4,12919.28
1226.85,28139.43,24.81,PERISHABLE,ROAD,4,7115.27
6759.51,18339.54,17.56,STANDARD,RAIL,2,19687.15
5289.61,16606.54,17.02,STANDARD,SEA,4,11636.17
4557.75,13830.63,31.12,FRAGILE,SEA,1,9670.24
7603.39,10210.6,38.98,STANDARD,AIR,4,73713.42
6713.65,13963.61,74.87,PERISHABLE,ROAD,2,35393.81
1331.65,24786.76,11.23,STANDARD,ROAD,2,4966.09
2684.05,19301.36,66.28,HAZARDOUS,ROAD,2,13964.67
2149.73,28571.49,48.07,FRAGILE,ROAD,3,11297.15
6336.35,14243.82,26.27,STANDARD,ROAD,2,20889.12
333.35,19466.16,44.61,PERISHABLE,SEA,1,819.82
4865.57,20238.71,27.34,FRAGILE,AIR,4,64254.75
6492.78,18975.14,53.85,STANDARD,AIR,4,65254.28
7458.67,22514.02,39.33,STANDARD,ROAD,3,28785.8
2940.59,7674.13,15.21,PERISHABLE,SEA,3,6656.4
6989.62,16444.4,10.93,STANDARD,ROAD,1,23435.43
984.84,3424.77,49.43,STANDARD,ROAD,2,3524.32
7202.52,12365.91,81.27,STANDARD,SEA,3,14846.71
1127.28,15656.58,31.28,STANDARD,SEA,4,2174.57
3407.08,20905.95,66.1,HAZARDOUS,ROAD,3,19014.5
6787.15,30421.94,59.45,STANDARD,RAIL,3,21607.48
1316.8,19260.77,83.87,STANDARD,ROAD,2,5280.08
1987.17,23820.65,73.98,STANDARD,SEA,3,3976.03
6153.03,16249.89,51.21,STANDARD,RAIL,1,16936.88
6134.31,20327.92,59.3,PERISHABLE,AIR,4,97634.98
5467.7,2362.74,80.91,STANDARD,ROAD,2,20997.87
5913.86,8215.09,36.26,PERISHABLE,RAIL,4,22856.71
4636.02,11643.11,29.75,STANDARD,RAIL,1,10793.21
2177.7,15172.54,1.47,STANDARD,RAIL,1,5786.48
2971.13,1556.19,74.48,PERISHABLE,ROAD,3,16194.47
1584.5,4566.77,72.19,STANDARD,SEA,3,3362.14
7726.41,8930.38,9.85,HAZARDOUS,SEA,3,18900.66
4979.66,31091.89,52.13,PERISHABLE,AIR,4,73854.96
3437.19,10669.97,42.03,STANDARD,SEA,1,5833.34
3953.95,15477.11,11.12,STANDARD,SEA,2,6840.7
8054.54,6355.52,88.26,HAZARDOUS,SEA,3,24443.5
1345.82,19583.88,19.72,STANDARD,SEA,4,2858.43
5003.64,9053.79,6.52,STANDARD,ROAD,3,15743.25
4324.76,6703.06,53.74,STANDARD,RAIL,1,11030.85
5216.79,16578.67,66.63,STANDARD,ROAD,2,18168.45
203.03,275.63,3.4,HAZARDOUS,RAIL,1,595.75
7419.45,344.48,59.46,STANDARD,ROAD,4,31240.43
7926.4,7088.3,48.14,STANDARD,AIR,3,65234.81
4825.38,1271.41,9.74,FRAGILE,ROAD,1,16302.68
5936.7,3546.02,15.94,STANDARD,ROAD,4,19203.85
7845.12,10909.65,51.33,STANDARD,RAIL,3,21717.79
6026.17,25702.48,27.02,HAZARDOUS,ROAD,2,34260.97
1338.95,18348.35,84.48,STANDARD,ROAD,1,4584.62
4919.64,16454.1,73.78,HAZARDOUS,ROAD,3,29563.83
5176.74,9462.29,88.53,PERISHABLE,RAIL,3,22964.43
3633.9,29822.94,23.74,STANDARD,RAIL,3,11047.19
6272.95,12764.78,87.29,FRAGILE,SEA,3,16020.82
7945.4,2878.26,39.1,STANDARD,SEA,1,13422.41
7871.05,19784.42,31.6,STANDARD,RAIL,3,21561.13
3859.59,3731.44,5.01,PERISHABLE,ROAD,4,16617.76
1006.86,11112.62,5.22,PERISHABLE,ROAD,1,3878.52
8371.91,16286.44,62.44,STANDARD,SEA,3,15802.02
7138.69,27987.7,41.48,FRAGILE,ROAD,1,36478.22
1103.4,15844.14,20.77,PERISHABLE,ROAD,4,5414.84
7831.11,22502.05,55.45,PERISHABLE,SEA,4,23678.38
7400.62,31770.86,23.13,FRAGILE,RAIL,1,28662.08
4434.18,4294.5,52.2,STANDARD,ROAD,3,14748.65
5046.28,8863.94,32.65,STANDARD,ROAD,3,16994.08
3421.57,12686.98,74.21,PERISHABLE,AIR,4,45260.47
512.74,13556.32,73.95,STANDARD,SEA,3,1039.34
2882.42,13211.57,43.22,FRAGILE,SEA,4,7059.53
6834.11,29052.79,31.9,STANDARD,RAIL,3,21912.43
89.14,22877.64,32.95,STANDARD,RAIL,4,500.0
2868.07,19492.18,72.61,STANDARD,AIR,2,28456.13
3414.53,9968.99,29.87,PERISHABLE,AIR,3,40523.03
4590.99,26378.91,19.21,STANDARD,ROAD,3,17363.14
7822.78,30566.43,8.08,FRAGILE,SEA,3,20726.52
2976.62,26296.23,42.27,STANDARD,ROAD,1,12702.34
2981.75,149.93,43.65,STANDARD,ROAD,3,10596.91
6281.89,20401.2,75.76,STANDARD,SEA,1,13682.52
3871.24,1731.22,20.3,FRAGILE,RAIL,1,11381.63
1947.91,8317.67,34.6,STANDARD,AIR,4,18248.26
3873.11,1998.84,72.85,STANDARD,ROAD,1,14613.47
1240.24,19361.07,74.21,STANDARD,RAIL,1,3545.8
1540.47,22002.22,34.92,STANDARD,AIR,2,14025.83
4261.21,3752.16,41.59,PERISHABLE,AIR,3,47538.42
3589.92,12344.46,27.64,PERISHABLE,ROAD,1,15998.57
7780.45,14653.94,83.96,STANDARD,RAIL,3,23606.46
3112.23,11872.79,11.12,FRAGILE,SEA,1,6538.17
4955.97,3960.7,84.07,PERISHABLE,ROAD,4,30382.8
5392.63,13464.43,61.71,STANDARD,AIR,2,45369.02
160.65,24062.58,48.08,HAZARDOUS,AIR,1,2359.14
5656.89,2365.14,3.42,PERISHABLE,ROAD,3,20778.17
1554.4,2657.74,43.07,STANDARD,ROAD,4,5641.9
8171.04,11417.2,36.99,STANDARD,ROAD,3,25972.26
1306.2,30141.05,14.93,PERISHABLE,AIR,4,20947.93
3553.57,21427.47,59.25,FRAGILE,ROAD,2,16718.54
771.2,21749.57,87.42,STANDARD,RAIL,4,2547.34
8473.59,11645.25,50.82,STANDARD,RAIL,3,23209.83
4293.55,19037.78,64.47,STANDARD,SEA,3,8378.83
5081.0,423.18,6.63,FRAGILE,ROAD,1,18049.52
616.8,20391.46,37.88,HAZARDOUS,ROAD,4,3885.61
6387.17,29233.85,10.91,PERISHABLE,AIR,3,99443.88
1823.7,19641.09,55.35,STANDARD,AIR,1,17525.39
7638.56,27970.99,84.49,FRAGILE,SEA,2,19033.52
1783.43,23194.74,59.73,FRAGILE,ROAD,3,8095.3
1661.31,3945.81,7.37,STANDARD,ROAD,1,5071.06
358.84,28888.26,32.24,STANDARD,SEA,3,752.71
4038.97,2219.56,49.78,PERISHABLE,ROAD,4,21340.01
4822.91,17133.56,36.59,PERISHABLE,AIR,1,61963.57
605.24,4634.17,75.11,STANDARD,SEA,4,1332.27
6603.21,473.44,73.41,FRAGILE,ROAD,2,31762.24
3880.29,13562.89,55.26,STANDARD,AIR,4,40081.86
4481.1,9511.8,33.92,FRAGILE,AIR,1,49112.64
3774.45,15603.42,23.35,FRAGILE,ROAD,3,16025.48
3436.45,18512.68,9.98,FRAGILE,RAIL,1,10660.86
4778.96,1495.28,32.26,PERISHABLE,ROAD,4,22229.11
1361.78,4023.81,37.48,FRAGILE,RAIL,4,4727.84
1587.29,17920.69,60.99,STANDARD,ROAD,3,5920.28
7332.09,11047.04,59.41,HAZARDOUS,SEA,2,19485.37
8044.68,23360.63,6.77,STANDARD,AIR,1,73952.65
3204.46,20908.1,35.88,STANDARD,RAIL,3,9349.44
2337.79,27074.78,16.77,STANDARD,ROAD,3,10175.8
5491.8,22190.52,14.53,STANDARD,SEA,3,11233.8
3503.8,13814.8,74.54,HAZARDOUS,ROAD,1,19831.24
264.51,21567.64,4.25,STANDARD,SEA,1,516.47
1369.49,8884.66,38.02,HAZARDOUS,RAIL,1,4998.13
6099.97,9871.4,15.55,FRAGILE,ROAD,2,24138.05
5617.91,25268.63,79.2,STANDARD,ROAD,3,22838.32
278.96,14340.78,50.36,HAZARDOUS,SEA,4,815.17
1925.66,25568.33,21.21,STANDARD,ROAD,4,8058.57
2002.58,26335.27,45.47,STANDARD,SEA,3,4171.92
5727.49,27456.24,65.97,FRAGILE,ROAD,4,31726.99
216.55,29340.66,86.25,STANDARD,ROAD,2,845.04
929.72,13848.43,20.23,STANDARD,RAIL,2,2357.08
6809.29,10271.85,79.81,FRAGILE,AIR,1,75113.14
1558.7,18672.14,84.12,FRAGILE,AIR,1,18788.7
5565.7,11940.4,82.52,STANDARD,ROAD,1,22644.94
2062.64,19274.27,57.37,PERISHABLE,RAIL,1,7344.19
890.28,22608.19,56.87,FRAGILE,ROAD,1,3811.05
2104.81,22060.12,36.59,PERISHABLE,RAIL,4,8705.14
6153.16,12048.24,67.84,STANDARD,RAIL,4,19605.44
7280.64,5422.84,48.05,FRAGILE,AIR,1,67607.39
7065.36,13833.89,61.13,PERISHABLE,AIR,2,87818.23
3406.2,4648.75,38.85,FRAGILE,RAIL,4,11868.69
5695.32,28494.1,65.97,HAZARDOUS,RAIL,2,25315.4
1782.12,11133.49,74.29,STANDARD,SEA,2,3718.95
2527.1,5027.27,13.61,STANDARD,SEA,3,3968.28
7624.04,911.78,75.05,STANDARD,ROAD,3,30712.42
159.87,20701.73,48.86,STANDARD,ROAD,1,568.4
772.55,20417.18,76.1,PERISHABLE,RAIL,2,2929.68
1806.64,10965.27,39.1,STANDARD,ROAD,4,6453.76
274.2,2387.61,34.42,PERISHABLE,ROAD,3,1286.18
1583.13,13167.16,82.4,PERISHABLE,ROAD,3,8414.81
4976.7,10027.84,22.98,STANDARD,SEA,2,8463.63
3611.04,21700.15,76.06,STANDARD,ROAD,3,13205.57
7593.08,19424.36,43.82,PERISHABLE,ROAD,3,38925.41
6957.4,11730.54,46.51,PERISHABLE,ROAD,4,36775.23
2938.36,7050.77,28.11,STANDARD,SEA,2,4836.61
2242.13,31618.35,51.79,STANDARD,SEA,3,4946.88
3258.4,14582.65,29.61,FRAGILE,RAIL,2,10289.23
5037.99,22055.95,4.01,FRAGILE,RAIL,3,19673.15
2315.14,4583.64,24.84,STANDARD,AIR,4,18824.7
5324.06,15590.31,1.07,HAZARDOUS,ROAD,2,26983.83
3509.53,978.42,88.06,STANDARD,ROAD,3,13995.03
4714.8,16224.02,86.93,STANDARD,ROAD,4,21170.98
3735.27,30852.16,35.87,STANDARD,ROAD,3,15567.19
2538.24,12356.19,65.69,STANDARD,RAIL,2,6908.58
8064.43,1343.97,31.45,STANDARD,AIR,3,65231.7
6502.47,1087.49,60.56,STANDARD,SEA,2,11657.27
1233.96,12476.78,72.59,STANDARD,RAIL,2,3655.4
7388.55,5204.8,85.23,STANDARD,AIR,3,63485.79
4168.79,844.93,36.32,STANDARD,ROAD,4,15498.24
7608.97,24223.21,70.61,PERISHABLE,ROAD,1,37231.6
6808.78,14726.88,24.3,STANDARD,SEA,4,12917.69
3643.05,9326.91,89.13,STANDARD,SEA,4,8702.68
239.87,28812.65,2.81,FRAGILE,ROAD,3,1145.24
2320.32,3804.83,54.52,PERISHABLE,RAIL,4,9280.11
4626.81,30593.81,59.53,STANDARD,SEA,4,10440.84
5402.89,10115.54,62.08,FRAGILE,SEA,1,12707.05
2229.15,28440.08,11.27,HAZARDOUS,SEA,4,7305.6
1227.56,19333.88,84.5,FRAGILE,ROAD,1,5812.33
7105.16,26471.96,16.72,STANDARD,ROAD,3,28801.78
8368.2,31490.02,56.24,FRAGILE,RAIL,1,30873.6
4492.08,9300.13,20.43,STANDARD,ROAD,2,13751.48
1500.69,30760.22,28.0,FRAGILE,AIR,2,19076.38
2351.0,12524.47,49.41,HAZARDOUS,RAIL,1,9112.88
205.4,12397.83,37.84,STANDARD,ROAD,2,706.75
7775.82,10958.35,14.84,HAZARDOUS,SEA,3,21768.02
1045.0,17370.9,15.8,STANDARD,RAIL,2,2748.18
4921.56,5017.23,37.92,HAZARDOUS,ROAD,1,23955.26
2365.77,17763.4,68.28,STANDARD,SEA,3,4440.45
4732.8,17380.38,80.87,STANDARD,SEA,2,10170.22
5554.5,24404.67,8.03,STANDARD,SEA,3,11794.85
7061.32,26693.43,35.68,PERISHABLE,ROAD,1,35349.85
1794.26,14150.08,9.47,STANDARD,SEA,2,3286.42
142.91,9744.43,1.99,STANDARD,SEA,3,500.0
1206.68,8372.78,59.72,STANDARD,ROAD,3,4384.9
7655.16,6308.5,54.42,FRAGILE,ROAD,2,33306.71
7434.37,1938.96,15.09,FRAGILE,SEA,3,13962.19
5098.14,11024.09,21.43,STANDARD,ROAD,3,17464.78
5124.37,8720.9,2.62,STANDARD,SEA,1,7978.04
5669.56,30928.71,75.23,STANDARD,RAIL,1,16667.51
1531.89,17890.91,87.73,STANDARD,RAIL,1,4446.24
7776.78,11178.14,12.62,STANDARD,ROAD,1,25250.74
3588.61,18616.92,21.22,HAZARDOUS,SEA,1,9315.47
3287.52,4540.37,78.22,STANDARD,RAIL,1,9042.43
4434.85,14265.0,83.42,STANDARD,RAIL,2,12828.69
446.86,20076.87,38.06,STANDARD,SEA,1,837.21
1455.09,15695.84,5.03,PERISHABLE,SEA,3,3376.16
6286.38,12916.74,4.03,PERISHABLE,AIR,2,69697.34
749.65,31803.76,51.87,HAZARDOUS,RAIL,3,3868.92
5146.64,28182.04,35.66,STANDARD,RAIL,1,14798.45
2123.2,19986.65,3.06,STANDARD,AIR,1,19985.63
3339.55,18263.14,52.7,STANDARD,SEA,3,6308.98
2489.46,19899.07,1.51,STANDARD,ROAD,3,9061.09
3055.43,6521.86,70.97,FRAGILE,ROAD,3,15004.85
6125.94,12704.89,27.93,HAZARDOUS,SEA,4,17832.54
2560.68,1358.76,4.1,PERISHABLE,RAIL,4,7919.69
4836.12,15269.92,53.16,HAZARDOUS,SEA,4,13766.29
4072.63,17422.48,36.09,STANDARD,RAIL,4,12772.49
5658.02,7365.22,87.66,FRAGILE,ROAD,2,27504.73
7966.21,30852.52,49.21,STANDARD,SEA,1,18002.31
6240.23,29111.6,25.13,STANDARD,ROAD,3,23450.2
1866.25,23136.37,63.99,HAZARDOUS,RAIL,1,7734.65
313.5,17115.03,24.8,STANDARD,RAIL,3,922.21
2266.13,27852.02,81.43,STANDARD,RAIL,1,6628.5
5078.41,4267.81,34.04,STANDARD,SEA,2,8470.76
484.55,25317.26,49.71,FRAGILE,SEA,4,1358.88
4244.29,4081.78,5.03,HAZARDOUS,SEA,1,9048.88
5093.32,25435.32,38.64,STANDARD,ROAD,3,19910.4
2874.36,8896.99,75.0,HAZARDOUS,ROAD,1,15695.37
6564.21,28079.19,72.61,STANDARD,RAIL,2,19035.02
950.76,30214.94,20.58,STANDARD,AIR,2,10772.07
684.91,4846.59,20.73,HAZARDOUS,SEA,1,1586.3
6203.19,14859.35,73.65,FRAGILE,SEA,4,17208.22
4236.9,31393.5,83.77,PERISHABLE,ROAD,3,24684.69
5867.0,15520.7,9.03,STANDARD,RAIL,2,14855.46
3724.29,27647.17,40.78,FRAGILE,RAIL,2,13166.06
2132.1,18880.54,30.7,FRAGILE,ROAD,1,8971.03
6971.41,12073.02,78.43,PERISHABLE,ROAD,2,35351.57
6805.06,9216.5,7.98,STANDARD,AIR,2,53478.38
5920.19,6582.82,19.4,HAZARDOUS,ROAD,3,26248.29
2349.63,24401.36,67.85,FRAGILE,ROAD,4,12143.05
5037.45,12430.64,5.09,STANDARD,ROAD,3,18344.28
3100.23,16409.69,44.58,STANDARD,AIR,4,28740.69
823.87,15805.18,40.07,STANDARD,SEA,3,1521.74
7801.3,18515.2,30.43,FRAGILE,SEA,1,18763.11
1206.12,27711.91,35.81,PERISHABLE,AIR,2,17075.53
8079.51,31385.59,47.93,FRAGILE,ROAD,4,47605.66
3818.75,13101.94,14.94,FRAGILE,SEA,1,8053.78
1614.37,26497.85,51.69,FRAGILE,ROAD,2,7434.42
4629.06,24488.44,72.59,STANDARD,ROAD,2,15752.52
7426.39,18395.57,68.53,STANDARD,SEA,2,14499.2
6237.3,30597.9,14.27,STANDARD,SEA,3,13313.98
6865.44,6495.14,13.86,STANDARD,RAIL,1,15023.01
5616.72,3585.53,24.5,STANDARD,RAIL,1,12746.54
5899.74,27341.39,32.82,FRAGILE,RAIL,2,22945.61
7225.7,14108.88,37.06,STANDARD,ROAD,4,29633.83
2159.69,27118.31,61.33,STANDARD,ROAD,1,8396.14
4185.64,28589.58,5.57,STANDARD,ROAD,3,16860.95
1919.22,2092.4,3.6,STANDARD,ROAD,4,5727.7
8395.79,28282.53,35.58,PERISHABLE,SEA,4,26328.7
8027.3,14401.38,62.9,PERISHABLE,ROAD,4,46833.01
383.16,16382.8,17.81,HAZARDOUS,ROAD,4,2155.09
6012.11,20088.3,57.91,STANDARD,RAIL,1,14743.32
7868.35,29651.61,23.75,HAZARDOUS,SEA,2,24451.62
1575.86,709.8,79.8,HAZARDOUS,ROAD,4,10574.98
4849.14,15311.31,80.66,HAZARDOUS,ROAD,3,26943.63
7785.88,22038.33,27.11,STANDARD,RAIL,3,22761.87
336.84,23154.35,21.08,FRAGILE,SEA,2,815.37
5943.2,22191.78,37.31,HAZARDOUS,SEA,1,16472.26
2562.6,4388.48,22.03,FRAGILE,SEA,2,4818.35
7861.15,9650.72,60.68,FRAGILE,AIR,4,97088.92
8255.44,11543.03,74.43,STANDARD,SEA,1,16080.28
8029.05,25761.55,60.74,FRAGILE,SEA,1,18499.18
4057.11,8992.44,74.28,STANDARD,RAIL,4,12150.11
7334.26,6821.49,36.03,FRAGILE,ROAD,3,31728.4
7186.44,30642.59,14.49,STANDARD,AIR,4,91667.55
2746.4,382.74,66.55,STANDARD,RAIL,2,7658.25
7054.34,31930.49,32.76,STANDARD,ROAD,4,32191.05
362.71,21690.6,60.58,FRAGILE,SEA,3,867.65
5088.48,26528.17,24.72,STANDARD,ROAD,4,21285.31
1993.57,9498.36,7.77,FRAGILE,SEA,2,3920.88
1068.79,556.66,89.34,HAZARDOUS,SEA,2,2963.51
700.25,23638.04,14.48,STANDARD,RAIL,3,2010.74
5933.64,26709.21,88.96,STANDARD,SEA,2,12226.44
2921.94,23721.19,87.97,STANDARD,ROAD,2,11823.43
6174.28,4656.92,71.55,PERISHABLE,RAIL,4,26410.59
602.26,24134.35,59.52,FRAGILE,RAIL,1,2176.76
2714.2,24628.64,52.21,STANDARD,SEA,2,5653.59
4608.7,21107.44,78.02,STANDARD,SEA,2,9636.82
6731.61,24539.1,26.4,FRAGILE,RAIL,3,25274.45
2743.46,27084.89,42.36,PERISHABLE,SEA,3,7661.31
5338.78,19673.97,55.94,HAZARDOUS,ROAD,4,30422.84
7536.51,2926.49,37.3,FRAGILE,AIR,4,86715.02
5254.04,15655.33,38.76,STANDARD,RAIL,2,14373.99
2018.51,2577.01,30.06,STANDARD,SEA,1,3384.24
256.19,13100.62,51.0,STANDARD,ROAD,1,939.82
7402.34,13086.7,76.63,STANDARD,ROAD,4,30025.47
229.73,2205.71,18.54,STANDARD,RAIL,3,515.37
7441.23,11227.38,84.13,STANDARD,SEA,2,15784.04
4519.52,3640.84,62.17,STANDARD,RAIL,2,12471.12
7985.12,25882.7,74.18,PERISHABLE,AIR,1,115849.78
6799.72,30331.25,50.28,FRAGILE,RAIL,4,29164.73
8482.54,2406.9,70.27,HAZARDOUS,RAIL,1,33778.72
3013.51,30568.18,1.95,HAZARDOUS,ROAD,1,17643.77
6532.74,16770.19,73.75,STANDARD,SEA,4,13734.41
3446.32,9656.15,4.09,HAZARDOUS,ROAD,3,15590.5
4104.95,2551.9,80.15,STANDARD,SEA,2,8621.97
5352.42,16069.91,89.28,FRAGILE,AIR,3,65454.43
7432.57,25445.05,26.82,STANDARD,AIR,4,88302.93
8365.51,22656.06,19.32,PERISHABLE,RAIL,4,32905.86
6541.91,1702.21,69.0,STANDARD,SEA,2,12508.67
3580.13,2425.57,23.15,STANDARD,SEA,3,5695.9
3610.47,12951.66,77.97,PERISHABLE,ROAD,2,19134.3
6282.57,9519.77,9.7,STANDARD,SEA,1,10082.24
2067.67,7513.06,11.77,FRAGILE,ROAD,1,7288.26
983.51,9064.04,88.13,HAZARDOUS,RAIL,1,4352.83
3046.56,25731.1,60.81,HAZARDOUS,ROAD,3,17378.52
2477.17,29742.37,76.3,PERISHABLE,ROAD,1,13872.68
2553.8,13022.78,29.53,PERISHABLE,RAIL,2,8106.37
2023.99,29004.94,61.05,STANDARD,RAIL,3,6009.03
405.69,10355.71,53.68,HAZARDOUS,SEA,2,977.68
201.03,15298.34,54.48,FRAGILE,ROAD,4,979.89
8396.25,7310.33,61.59,FRAGILE,RAIL,3,28810.53
3664.68,20531.19,51.99,STANDARD,ROAD,2,12313.3
3297.56,31329.5,38.9,FRAGILE,SEA,2,8991.93
5793.02,19351.43,25.2,PERISHABLE,SEA,3,15163.69
1894.25,11514.27,69.29,PERISHABLE,SEA,4,5486.94
8077.17,20765.38,20.75,STANDARD,SEA,3,16825.29
6694.62,4021.17,62.47,STANDARD,ROAD,1,24571.49
805.52,28448.22,21.38,STANDARD,SEA,1,1605.18
3578.56,16148.38,56.47,HAZARDOUS,RAIL,4,15265.23
7478.55,14434.26,67.36,HAZARDOUS,RAIL,2,31490.83
8032.99,18789.09,20.07,STANDARD,SEA,2,15076.64
3999.54,20030.61,5.86,STANDARD,ROAD,2,14260.96
5233.33,2389.65,12.22,STANDARD,SEA,3,8032.82
1461.44,21875.49,54.74,STANDARD,SEA,3,2995.41
8425.37,7817.62,76.53,PERISHABLE,ROAD,4,47035.58
2007.63,22875.09,4.53,FRAGILE,ROAD,1,9060.92
8016.08,26338.86,66.21,STANDARD,ROAD,2,32391.99
5539.51,25746.28,31.05,FRAGILE,AIR,1,68800.61
5185.38,17724.78,43.33,STANDARD,SEA,3,9256.0
4382.22,16693.42,83.63,PERISHABLE,ROAD,3,22760.29
1999.16,4657.74,30.21,STANDARD,RAIL,3,5169.68
1541.66,24833.54,42.15,STANDARD,SEA,1,3084.89
1913.11,8757.96,1.72,STANDARD,SEA,4,3500.22
1625.4,15944.58,7.8,FRAGILE,ROAD,4,7548.97
6637.49,9168.34,23.64,FRAGILE,ROAD,3,26757.88
3008.56,4369.12,2.99,HAZARDOUS,SEA,2,6365.71
538.77,20182.89,57.01,STANDARD,ROAD,1,1935.1
8238.92,1833.19,38.66,STANDARD,ROAD,3,27008.29
7517.99,23981.78,49.56,STANDARD,AIR,1,72694.44
7889.51,10231.02,16.13,FRAGILE,SEA,1,15541.9
8456.97,104.3,26.99,STANDARD,ROAD,4,29000.74
1519.41,16405.02,59.91,FRAGILE,ROAD,3,6943.28
3398.25,1594.58,86.89,PERISHABLE,ROAD,4,20557.42
6457.12,8909.81,5.01,PERISHABLE,ROAD,3,23328.44
5931.37,22652.55,80.19,STANDARD,SEA,1,11606.09
1350.42,2099.8,52.13,STANDARD,RAIL,4,3963.44
6943.79,26874.9,50.97,STANDARD,SEA,1,14913.89
1946.52,221.86,45.27,FRAGILE,AIR,3,19438.92
1941.26,7973.68,6.71,HAZARDOUS,RAIL,2,6565.29
4587.43,23734.84,8.54,STANDARD,ROAD,4,20562.66
5060.34,10189.02,54.28,STANDARD,RAIL,4,14426.46
4951.73,3350.37,31.02,HAZARDOUS,AIR,1,57629.12
823.06,11591.46,82.6,PERISHABLE,SEA,1,2135.61
7464.54,8725.55,36.89,STANDARD,ROAD,2,23404.3
2294.32,26982.51,13.32,FRAGILE,SEA,4,6272.02
1144.4,10095.8,64.47,STANDARD,SEA,3,2212.39
7559.92,25266.95,26.76,STANDARD,AIR,3,89591.09
8125.26,28550.72,47.53,PERISHABLE,ROAD,4,50117.78
7334.98,13938.78,62.96,HAZARDOUS,RAIL,4,35029.08
6890.41,29127.19,81.07,HAZARDOUS,SEA,4,24094.05
5586.79,12136.45,71.4,STANDARD,RAIL,2,14806.08
4704.74,30854.1,61.03,HAZARDOUS,RAIL,3,22507.51
785.04,2948.34,61.33,STANDARD,ROAD,3,3050.9
3501.43,22015.91,85.16,STANDARD,ROAD,1,13219.37
3199.22,15852.67,26.98,FRAGILE,ROAD,1,13771.56
2244.92,12466.0,0.6,STANDARD,AIR,4,22775.71
6162.9,20283.51,24.84,HAZARDOUS,ROAD,1,34586.69
4240.15,22553.04,20.0,FRAGILE,RAIL,2,14332.16
734.84,239.19,59.73,STANDARD,SEA,3,1373.57
1910.55,5425.8,57.22,STANDARD,ROAD,3,6897.13
5823.54,22846.17,53.61,STANDARD,RAIL,1,17250.77
693.31,21357.69,1.95,STANDARD,SEA,4,1387.1
7242.7,30916.92,65.73,FRAGILE,SEA,1,17217.54
4233.99,24377.11,29.46,HAZARDOUS,SEA,4,13803.67
4110.96,30429.65,60.02,STANDARD,SEA,2,8497.23
5055.85,22511.04,50.31,STANDARD,ROAD,3,19335.1
7018.55,9607.87,31.17,FRAGILE,AIR,2,74778.59
2988.99,3461.14,12.54,HAZARDOUS,ROAD,3,12735.61
5779.24,25040.18,8.95,STANDARD,SEA,2,10614.38
4830.44,20648.36,74.92,STANDARD,ROAD,1,19639.83
2306.39,1637.13,82.7,FRAGILE,AIR,2,24169.78
7474.42,11585.61,58.66,STANDARD,SEA,2,13341.71
6788.25,30621.91,9.76,STANDARD,SEA,1,14944.67
5613.92,16062.8,36.48,HAZARDOUS,ROAD,3,28647.68
7237.42,13904.06,65.74,FRAGILE,RAIL,3,25774.2
7378.64,14700.62,70.29,FRAGILE,SEA,1,17935.49
6035.67,6763.36,11.08,HAZARDOUS,SEA,2,14291.33
7122.76,11861.76,0.5,FRAGILE,ROAD,2,27581.34
5943.63,11897.04,64.24,STANDARD,AIR,2,53827.62
5797.19,1770.13,32.42,STANDARD,SEA,4,10024.44
5277.27,24585.41,23.28,STANDARD,ROAD,3,21311.11
6410.46,13386.49,1.65,STANDARD,SEA,2,10707.9
1390.21,26327.54,48.86,FRAGILE,RAIL,3,5518.34
7493.36,27226.1,76.68,PERISHABLE,RAIL,2,29424.46
7417.08,6862.61,86.21,PERISHABLE,ROAD,1,37709.94
297.14,21069.58,51.13,FRAGILE,SEA,1,707.71
7028.15,15165.79,46.54,STANDARD,SEA,3,13490.97
1138.95,28177.0,8.11,STANDARD,RAIL,3,3640.3
2881.75,6982.13,49.62,HAZARDOUS,SEA,1,7162.71
6332.64,21722.24,34.51,FRAGILE,SEA,4,16504.52
1408.42,19487.29,54.84,FRAGILE,SEA,1,3205.92
6961.82,9520.12,35.29,HAZARDOUS,ROAD,2,32392.98
7081.53,4457.57,22.01,HAZARDOUS,SEA,4,18964.99
4338.1,20887.31,9.0,HAZARDOUS,RAIL,1,15956.95
103.96,23661.26,28.69,STANDARD,ROAD,4,500.0
2475.47,10168.51,9.15,HAZARDOUS,ROAD,4,12742.83
5263.03,20670.16,16.33,PERISHABLE,RAIL,4,20968.42
8341.02,12704.68,88.87,STANDARD,SEA,3,17640.5
5388.82,22851.3,40.25,FRAGILE,RAIL,1,18431.28
2245.34,6454.97,48.1,STANDARD,SEA,3,3585.06
5407.35,28497.86,78.69,PERISHABLE,ROAD,3,28709.46
4612.88,9268.37,89.6,STANDARD,RAIL,2,13499.12
6639.69,11832.37,52.65,FRAGILE,AIR,2,71945.6
953.99,1953.13,73.22,STANDARD,SEA,4,2063.68
6480.69,3657.24,29.76,HAZARDOUS,ROAD,4,33335.17
4623.7,16555.99,27.86,STANDARD,RAIL,2,12730.56
8187.28,8636.21,36.54,STANDARD,ROAD,2,27197.77
2938.82,26751.82,60.69,STANDARD,RAIL,1,8923.24
5395.65,568.72,61.56,PERISHABLE,SEA,4,14867.99
7925.64,12193.1,28.71,STANDARD,SEA,4,15597.86
916.21,10861.32,12.42,STANDARD,ROAD,2,2847.46
7969.58,716.55,57.1,HAZARDOUS,AIR,1,96975.75
5862.63,4067.35,11.99,FRAGILE,SEA,2,11033.18
623.22,13295.2,52.28,PERISHABLE,RAIL,2,2108.6
2593.14,15822.38,62.56,STANDARD,RAIL,3,7862.39
6034.05,12996.84,63.2,FRAGILE,SEA,4,15805.79
619.11,17036.91,67.94,STANDARD,SEA,1,1225.76
4969.34,19084.7,78.62,STANDARD,RAIL,3,16022.4
2972.71,416.57,45.25,FRAGILE,RAIL,4,11038.21
5296.74,14904.64,65.86,FRAGILE,ROAD,2,22390.41
436.52,30835.63,55.92,HAZARDOUS,SEA,1,1362.03
7414.49,16657.13,17.2,STANDARD,RAIL,4,22654.98
8275.98,21713.6,2.8,STANDARD,ROAD,2,30992.0
8237.02,10048.46,25.97,STANDARD,SEA,3,13593.01
6384.56,24790.32,40.15,PERISHABLE,AIR,1,84558.84
1149.23,24756.2,55.73,STANDARD,AIR,4,13876.54
6457.32,16729.34,76.57,STANDARD,RAIL,3,18926.62
257.76,31234.84,18.06,STANDARD,ROAD,2,1027.77
236.94,4105.05,11.74,FRAGILE,RAIL,2,673.74
2784.51,640.63,86.73,STANDARD,ROAD,4,12479.86
4179.03,24668.05,10.17,PERISHABLE,AIR,2,55107.01
6559.94,25848.26,43.32,STANDARD,ROAD,1,24041.04
5823.85,3934.61,52.91,PERISHABLE,ROAD,4,30793.97
3817.88,8572.09,48.95,STANDARD,RAIL,3,9772.13
2362.15,659.92,8.2,FRAGILE,RAIL,4,6968.34
8475.7,9456.54,5.6,PERISHABLE,SEA,4,20902.99
3651.23,24763.23,9.94,STANDARD,RAIL,3,11513.78
3864.22,16622.94,52.91,PERISHABLE,ROAD,2,18110.01
1432.62,11204.25,49.22,STANDARD,ROAD,3,4926.18
6766.14,11958.48,21.42,PERISHABLE,RAIL,1,22834.04
5911.61,143.18,57.58,FRAGILE,ROAD,2,25277.41
1915.5,9663.64,73.9,STANDARD,SEA,4,4080.43
746.12,20722.03,4.22,STANDARD,SEA,2,1400.59
5800.22,31176.8,45.08,STANDARD,SEA,2,13008.12
5580.62,27121.24,62.19,STANDARD,AIR,1,58518.57
2359.04,852.68,23.08,STANDARD,AIR,2,17806.07
8084.8,28764.08,28.05,STANDARD,AIR,2,91483.76
1326.44,25084.03,55.42,STANDARD,ROAD,2,4707.43
3703.23,24994.0,80.87,HAZARDOUS,ROAD,4,22773.41
8023.55,14710.06,72.99,STANDARD,ROAD,2,27994.29
3596.7,12796.37,52.69,STANDARD,SEA,3,6938.25
5445.54,9763.01,65.85,FRAGILE,AIR,2,57453.5
3409.67,2195.67,33.15,STANDARD,SEA,1,6069.68
2367.12,7380.71,57.87,STANDARD,ROAD,2,8384.81
8364.61,7966.66,42.22,STANDARD,AIR,2,66262.79
3508.87,15542.06,17.5,PERISHABLE,RAIL,4,13541.84
7605.14,23943.48,63.31,HAZARDOUS,ROAD,3,43783.03
1993.12,15214.53,50.3,STANDARD,RAIL,2,4835.19
1850.73,1945.24,32.6,FRAGILE,ROAD,3,8312.51
313.08,30653.49,82.06,FRAGILE,RAIL,1,1205.65
5556.58,30172.91,2.37,FRAGILE,ROAD,4,31618.64
3164.05,25147.55,28.76,FRAGILE,RAIL,3,12032.8
7353.83,31723.36,5.59,FRAGILE,SEA,4,22496.32
4048.62,17468.99,69.1,STANDARD,SEA,2,7812.82
8231.23,30812.31,63.34,STANDARD,SEA,1,16950.73
1617.69,2511.8,30.16,STANDARD,RAIL,4,4478.02
7389.87,11765.22,60.97,PERISHABLE,SEA,2,18507.48
6612.24,7289.66,35.94,FRAGILE,AIR,3,66497.46
6564.29,6347.08,68.18,HAZARDOUS,ROAD,1,37356.66
7188.42,4591.61,41.15,PERISHABLE,RAIL,1,24005.37
6480.65,19955.0,37.4,STANDARD,ROAD,3,24710.2
5341.56,25024.17,84.16,FRAGILE,ROAD,3,28454.1
1159.02,18547.72,22.95,FRAGILE,SEA,1,2610.91
324.85,4788.11,11.28,PERISHABLE,SEA,4,748.06
7831.16,25974.85,52.82,PERISHABLE,ROAD,1,40927.09
5260.7,20386.96,87.25,FRAGILE,SEA,3,13572.15
6780.74,12482.49,34.32,STANDARD,SEA,4,13139.07
4118.86,21604.76,6.05,HAZARDOUS,AIR,2,60022.97
1041.25,8390.97,30.87,STANDARD,ROAD,1,3116.02
1107.82,11111.63,45.78,HAZARDOUS,AIR,3,15947.1
5843.03,29367.8,14.99,PERISHABLE,ROAD,2,29027.18
3686.08,9367.09,59.4,STANDARD,SEA,1,6532.99
1744.43,15092.63,89.8,FRAGILE,ROAD,1,9032.23
4203.97,28495.5,40.93,STANDARD,ROAD,4,19331.79
592.57,22676.31,32.25,STANDARD,SEA,3,1147.58
4967.66,2084.28,36.36,STANDARD,RAIL,2,12447.34
2322.99,4798.97,10.81,HAZARDOUS,ROAD,1,10331.15
6789.37,350.15,79.55,PERISHABLE,ROAD,4,39504.29
2672.56,20226.41,37.63,PERISHABLE,SEA,2,7270.0
3896.61,14380.78,35.16,STANDARD,ROAD,2,11944.62
148.19,4383.37,59.54,PERISHABLE,SEA,1,500.0
662.18,30658.1,40.06,HAZARDOUS,ROAD,2,4096.96
3366.57,16996.15,58.52,STANDARD,ROAD,1,12264.43
4105.48,7816.4,6.0,STANDARD,RAIL,4,10663.07
5120.17,16069.25,73.33,STANDARD,RAIL,4,16448.03
2514.55,21779.89,84.68,PERISHABLE,RAIL,2,10103.55
5922.6,2532.03,58.56,FRAGILE,ROAD,1,26578.25
7318.03,8863.05,85.93,HAZARDOUS,AIR,3,103450.56
6639.74,25842.2,14.05,STANDARD,SEA,4,15715.11
384.78,14763.31,43.23,HAZARDOUS,ROAD,1,1793.76
4110.28,17535.81,54.36,STANDARD,RAIL,1,10770.57
936.66,13906.83,52.57,STANDARD,SEA,1,1639.92
2095.28,1500.41,36.43,FRAGILE,ROAD,2,8126.87
8387.3,5387.42,30.76,STANDARD,ROAD,3,28409.6
1254.09,14312.78,11.85,HAZARDOUS,SEA,2,3172.87
4265.6,6773.02,35.56,STANDARD,SEA,4,9031.14
5273.42,1694.33,15.06,FRAGILE,SEA,2,9978.54
5985.83,27012.42,66.23,STANDARD,ROAD,1,23097.45
4779.03,31400.04,19.19,FRAGILE,ROAD,2,24004.7
132.56,25401.26,5.74,STANDARD,SEA,1,500.0
2808.6,27335.74,49.94,STANDARD,ROAD,3,11338.79
4424.66,7819.07,53.77,PERISHABLE,RAIL,2,16131.38
792.47,30744.0,78.54,STANDARD,RAIL,2,2438.1
3012.8,6381.93,52.14,HAZARDOUS,ROAD,2,14678.6
330.57,30450.61,31.42,PERISHABLE,AIR,1,4630.27
713.99,31834.74,72.37,STANDARD,SEA,1,1497.06
3404.0,22803.96,48.85,STANDARD,SEA,2,6609.88
1171.45,31398.49,7.6,FRAGILE,ROAD,2,6138.84
4845.72,18268.32,51.14,PERISHABLE,ROAD,3,22118.27
5875.98,8379.38,81.77,PERISHABLE,RAIL,3,23722.33
6814.96,14040.17,35.97,FRAGILE,ROAD,4,31668.11
1741.27,19034.59,27.02,HAZARDOUS,AIR,3,23742.78
1465.23,2431.3,13.34,STANDARD,ROAD,3,4229.93
933.6,19952.75,14.05,PERISHABLE,RAIL,3,3404.3
5427.84,31399.57,39.23,PERISHABLE,RAIL,1,21497.79
6019.72,6164.43,53.81,STANDARD,SEA,3,11582.21
316.9,25383.78,7.72,STANDARD,ROAD,3,1245.66
7960.99,29061.97,84.59,STANDARD,RAIL,2,23406.8
489.16,30204.08,68.08,STANDARD,ROAD,1,1985.27
4623.95,30728.33,53.0,HAZARDOUS,SEA,4,17250.67
6041.56,16734.56,74.65,STANDARD,ROAD,4,27594.37
7409.69,31276.12,7.68,STANDARD,AIR,3,78427.4
6084.03,24258.2,43.18,STANDARD,SEA,4,13893.81
6824.6,5257.32,56.89,PERISHABLE,ROAD,4,35973.69
2918.35,15313.11,74.66,FRAGILE,SEA,4,8096.64
6935.27,23014.76,70.62,STANDARD,ROAD,3,26409.78
726.97,7990.16,25.3,STANDARD,AIR,4,6742.86
7611.2,20535.62,84.71,PERISHABLE,RAIL,3,31666.03
4677.16,21364.56,11.63,HAZARDOUS,ROAD,2,24198.94
6956.17,5290.12,78.82,STANDARD,RAIL,2,19542.95
3872.09,18126.22,87.4,STANDARD,ROAD,4,17118.35
5488.23,24714.9,16.36,STANDARD,AIR,2,56061.59
4498.1,16014.77,65.12,STANDARD,ROAD,3,17433.0
6231.93,486.09,4.11,FRAGILE,SEA,2,11453.32
739.77,388.33,36.79,PERISHABLE,RAIL,4,2675.78
559.98,11489.24,46.71,STANDARD,AIR,3,5040.86
2138.02,29645.59,52.47,HAZARDOUS,ROAD,1,12976.33
1398.15,7394.79,84.27,STANDARD,RAIL,3,4554.12
7416.57,20336.2,60.67,HAZARDOUS,RAIL,2,29399.87
1902.36,7184.22,43.57,HAZARDOUS,SEA,1,4762.28
8296.06,10361.27,72.97,STANDARD,ROAD,3,32650.92
2896.77,27152.54,85.57,STANDARD,ROAD,1,10819.06
1588.9,23350.68,2.47,FRAGILE,ROAD,1,7186.03
6722.95,3143.24,88.44,STANDARD,SEA,1,14418.24
5616.08,13775.59,8.21,STANDARD,ROAD,3,19692.29
4259.75,1030.52,73.39,FRAGILE,SEA,2,10167.98
4742.82,15440.4,25.59,PERISHABLE,ROAD,3,22228.63
6127.26,21231.64,12.33,STANDARD,SEA,2,11266.11
1980.44,3880.23,39.87,HAZARDOUS,AIR,3,25060.32
8469.02,9315.43,58.13,STANDARD,RAIL,3,23723.26
8287.0,12790.99,34.6,HAZARDOUS,RAIL,3,30885.96
5545.25,29433.04,5.38,FRAGILE,ROAD,2,26741.68
1736.13,31784.83,54.15,PERISHABLE,ROAD,3,9815.74
5797.93,1532.67,81.27,STANDARD,ROAD,1,21931.53
660.08,24376.15,34.8,FRAGILE,SEA,3,1708.22
309.01,11958.0,19.86,FRAGILE,RAIL,1,912.24
2227.42,12619.42,40.11,STANDARD,AIR,4,23431.04
3959.16,24161.05,4.83,STANDARD,RAIL,4,13581.06
7386.9,29397.8,73.93,STANDARD,SEA,2,14827.31
6194.58,30434.62,74.46,STANDARD,RAIL,2,18960.9
6325.87,18510.21,53.13,PERISHABLE,RAIL,4,24715.46
3645.42,11492.16,32.1,STANDARD,ROAD,3,11919.09
2973.15,25222.82,72.08,STANDARD,RAIL,3,9677.49
3185.28,8106.94,50.14,HAZARDOUS,RAIL,3,12496.8
8395.64,18093.96,74.42,STANDARD,SEA,4,19123.32
388.92,11538.65,57.02,FRAGILE,AIR,1,4197.64
7376.42,21046.53,70.7,STANDARD,ROAD,2,26176.01
4939.81,7768.73,54.07,PERISHABLE,ROAD,1,21887.33
3756.3,6211.81,37.57,PERISHABLE,RAIL,4,13239.68
6178.43,29391.83,86.24,PERISHABLE,RAIL,1,23845.37
4162.35,3347.54,48.93,STANDARD,ROAD,3,13037.34
7430.43,16240.06,54.66,HAZARDOUS,SEA,3,21028.34
7660.93,7145.2,20.23,STANDARD,AIR,1,65913.25
3613.54,1341.87,56.5,STANDARD,AIR,4,34302.66
2389.19,1249.0,51.66,STANDARD,ROAD,1,7701.11
5055.36,5689.57,17.04,FRAGILE,SEA,3,9755.81
7759.47,27749.97,5.83,STANDARD,SEA,3,16277.48
1830.1,9111.07,54.59,FRAGILE,RAIL,4,6520.24
5314.07,30419.65,68.85,STANDARD,RAIL,1,16775.91
5386.68,18653.75,47.34,STANDARD,SEA,3,10713.12
6244.81,14027.99,20.8,HAZARDOUS,RAIL,3,22830.49
1161.75,18604.83,60.15,STANDARD,RAIL,1,3237.59
6098.72,16582.68,7.67,HAZARDOUS,RAIL,1,24507.72
7731.32,24304.96,40.04,STANDARD,SEA,2,16382.93
1568.32,9111.62,15.12,HAZARDOUS,ROAD,4,8963.46
2057.24,11362.31,17.01,FRAGILE,AIR,4,23967.41
8258.29,28621.61,18.61,STANDARD,SEA,1,18973.95
1579.26,30291.96,35.11,STANDARD,SEA,4,3713.36
7269.55,28572.61,5.08,FRAGILE,ROAD,3,36037.79
4209.75,13480.39,36.1,HAZARDOUS,SEA,1,10626.29
2139.1,24993.66,46.3,STANDARD,ROAD,1,7856.75
7407.84,15295.11,43.75,STANDARD,ROAD,1,25082.65
3812.83,15971.52,34.76,PERISHABLE,RAIL,2,12286.41
4400.21,6629.3,75.6,FRAGILE,RAIL,4,17636.08
3085.52,18957.06,13.51,STANDARD,SEA,2,6005.82
5060.43,6037.74,45.76,STANDARD,ROAD,3,17602.16
1431.78,10676.91,6.05,STANDARD,RAIL,4,3927.27
3354.64,27375.46,6.87,FRAGILE,ROAD,2,16339.4
8241.53,6705.72,51.86,STANDARD,AIR,1,70207.51
2231.23,2369.95,51.16,PERISHABLE,SEA,2,4936.05
5599.42,2301.34,79.08,STANDARD,SEA,1,11540.55
2797.86,30111.03,50.43,STANDARD,ROAD,2,11033.04
6585.85,16270.76,86.4,FRAGILE,ROAD,2,32199.26
1155.88,13160.25,4.86,PERISHABLE,AIR,2,14052.67
8244.99,25967.03,9.27,HAZARDOUS,ROAD,1,43974.02
3884.52,26762.85,4.44,STANDARD,RAIL,2,10924.1
2044.63,10696.89,17.08,HAZARDOUS,SEA,4,5146.39
671.05,22226.42,48.94,FRAGILE,ROAD,4,3372.85
1484.45,24698.82,58.28,STANDARD,SEA,4,3507.29
4442.09,20983.36,4.58,STANDARD,RAIL,1,12111.62
2897.68,4935.88,85.16,STANDARD,ROAD,1,10719.6
7054.06,28040.67,75.87,STANDARD,ROAD,4,30765.77
3691.0,17297.12,27.05,PERISHABLE,ROAD,4,18037.48
2151.64,9110.87,7.41,STANDARD,SEA,4,3797.32
5264.88,13664.78,15.7,PERISHABLE,SEA,3,12681.4
6022.27,1298.52,11.86,FRAGILE,ROAD,4,22846.18
1461.5,4178.95,11.53,FRAGILE,ROAD,2,5344.62
1466.38,24520.94,46.91,FRAGILE,SEA,3,3693.13
359.87,100.37,22.5,STANDARD,SEA,3,602.32
6272.6,13388.45,32.55,STANDARD,RAIL,1,15436.0
5659.15,16768.07,89.06,STANDARD,RAIL,2,17657.84
4060.63,1842.84,61.75,FRAGILE,ROAD,1,18444.07
7183.24,31141.19,85.43,STANDARD,SEA,1,15431.93
6857.91,7313.4,13.26,HAZARDOUS,AIR,2,83122.1
4996.24,9803.94,34.7,STANDARD,ROAD,1,15693.09
7386.89,9795.77,50.15,STANDARD,SEA,2,13595.9
1789.36,7450.29,7.37,STANDARD,RAIL,2,4046.08
995.72,147.01,0.87,PERISHABLE,RAIL,1,2690.56
2329.38,23366.1,60.5,HAZARDOUS,ROAD,4,14311.21
532.38,30942.37,57.94,STANDARD,SEA,1,1105.68
4538.38,7254.96,37.27,FRAGILE,RAIL,3,13940.13
7964.32,21251.21,44.32,STANDARD,RAIL,1,22300.52
382.45,23766.49,37.68,PERISHABLE,ROAD,2,1984.62
1081.83,27164.77,2.65,FRAGILE,ROAD,3,5658.23
3871.08,13581.87,30.52,STANDARD,ROAD,2,11975.17
7941.24,9763.5,16.35,FRAGILE,SEA,4,19028.54
2721.52,10476.91,9.31,STANDARD,ROAD,4,9557.48
4336.13,22832.62,86.13,PERISHABLE,SEA,3,12615.46
401.29,26155.26,54.14,STANDARD,RAIL,4,1282.53
1303.5,5893.49,65.71,FRAGILE,RAIL,4,5099.53
8387.02,11933.02,28.73,STANDARD,RAIL,1,20724.84
8205.25,28871.89,35.69,HAZARDOUS,RAIL,1,33935.29
91.74,25833.52,21.7,HAZARDOUS,ROAD,4,601.41
8092.81,31516.98,9.18,FRAGILE,ROAD,4,48852.17
5450.56,24160.52,16.52,FRAGILE,SEA,1,13019.33
7383.91,12642.93,71.88,PERISHABLE,SEA,4,22807.48
3892.55,18941.35,61.14,STANDARD,ROAD,4,15677.26
4406.79,21186.35,49.45,STANDARD,RAIL,2,12514.5
4180.75,2602.74,43.02,STANDARD,ROAD,4,14295.24
5685.0,17469.45,83.06,PERISHABLE,ROAD,3,33732.1
1230.05,22727.33,7.01,STANDARD,ROAD,2,4771.98
303.28,5437.55,25.61,HAZARDOUS,SEA,3,729.72
2652.01,25002.15,31.82,FRAGILE,ROAD,4,12983.78
6004.55,18722.35,70.53,STANDARD,ROAD,1,22436.13
1755.66,30475.87,89.33,STANDARD,ROAD,2,6620.74
5740.5,1453.27,22.04,STANDARD,ROAD,1,17422.29
8245.76,8563.9,78.75,STANDARD,SEA,2,16859.29
843.46,19289.57,74.84,STANDARD,ROAD,1,3049.81
5733.49,9560.26,20.61,STANDARD,ROAD,2,18450.1
3799.69,22890.13,36.24,PERISHABLE,SEA,2,9975.47
7385.8,24312.27,37.17,PERISHABLE,ROAD,3,39912.39
1546.92,3370.26,88.05,STANDARD,SEA,1,3218.38
5902.69,16491.96,16.69,STANDARD,SEA,3,10448.29
7132.07,16333.61,72.02,STANDARD,ROAD,3,28838.88
8031.99,11880.06,30.41,FRAGILE,SEA,1,16422.13
5823.45,29860.3,65.91,HAZARDOUS,ROAD,2,32220.12
4251.13,26497.45,38.09,STANDARD,RAIL,3,13702.32
5270.81,22340.98,52.26,STANDARD,RAIL,1,15910.07
7392.25,22887.02,75.02,HAZARDOUS,ROAD,2,40854.18
4871.65,14828.74,72.47,FRAGILE,SEA,3,13307.72
306.77,29479.73,78.04,STANDARD,SEA,3,670.29
7916.52,22257.59,5.84,FRAGILE,AIR,3,99939.26
5876.5,23354.5,62.44,STANDARD,SEA,2,11159.98
5766.54,27587.94,13.03,STANDARD,RAIL,3,19020.57
1872.46,8842.88,37.72,HAZARDOUS,ROAD,2,8551.4
5617.58,25845.56,49.6,HAZARDOUS,ROAD,4,37013.6
3378.15,6328.18,36.55,STANDARD,RAIL,3,8455.5
5552.92,11116.41,47.01,PERISHABLE,RAIL,4,21065.34
950.71,10805.97,89.69,STANDARD,AIR,1,8827.58
5608.79,31314.96,12.6,HAZARDOUS,RAIL,3,26146.22
8495.05,27423.54,60.95,STANDARD,RAIL,1,24677.88
457.39,22467.32,35.94,PERISHABLE,RAIL,1,1765.24
8307.12,23293.11,12.4,PERISHABLE,SEA,1,22584.21
3488.37,18030.12,14.71,STANDARD,SEA,4,7422.17
7407.87,30312.19,85.46,PERISHABLE,SEA,2,19941.37
6661.16,15930.65,79.22,HAZARDOUS,ROAD,4,42030.97
4841.29,12238.51,81.68,HAZARDOUS,SEA,4,16299.02
6289.9,5300.83,89.24,STANDARD,ROAD,1,25283.79
7473.46,25179.96,19.14,HAZARDOUS,SEA,3,21621.25
3464.99,23528.76,32.31,PERISHABLE,RAIL,2,13331.93
2813.43,12360.93,60.4,STANDARD,RAIL,1,7653.13
5691.16,903.67,43.8,PERISHABLE,RAIL,2,17704.69
6876.3,26864.01,37.95,STANDARD,SEA,4,15215.94
6491.31,464.23,32.52,STANDARD,ROAD,2,19945.46
6791.53,22548.02,53.64,FRAGILE,SEA,2,15987.92
3730.68,31051.2,52.02,FRAGILE,RAIL,3,15921.76
6960.7,14061.4,14.95,FRAGILE,ROAD,1,28430.48
1065.77,7595.65,42.72,STANDARD,ROAD,2,3383.93
4650.93,22585.39,50.04,PERISHABLE,RAIL,2,17347.84
98.66,26166.39,51.54,STANDARD,RAIL,4,500.0
2792.75,17531.13,19.3,STANDARD,RAIL,4,8453.69
3146.6,30948.43,66.93,STANDARD,SEA,2,6811.74
3397.66,1748.23,2.76,FRAGILE,RAIL,1,9180.71
5926.7,16202.98,32.26,PERISHABLE,AIR,2,72059.35
3333.32,23018.68,70.33,FRAGILE,SEA,2,8471.15
3841.46,27618.23,50.97,HAZARDOUS,SEA,3,12328.21
2057.25,5818.25,23.87,STANDARD,ROAD,1,6014.78
3203.98,25620.11,62.7,FRAGILE,RAIL,3,13014.76
1970.43,17731.36,51.28,STANDARD,ROAD,1,6867.34
668.51,12750.06,71.76,STANDARD,SEA,1,1266.62
5149.14,4301.71,66.28,STANDARD,SEA,1,10539.76
5696.4,27702.93,55.1,FRAGILE,ROAD,3,31017.94
5284.69,5117.02,44.19,FRAGILE,ROAD,3,22565.65
3966.52,9982.23,12.42,HAZARDOUS,SEA,3,9655.5
3259.19,9352.45,23.89,STANDARD,ROAD,4,11328.71
7345.17,27898.11,38.01,STANDARD,SEA,3,16171.15
